א סייד,א סייד
אבו ג'ווייעד,אבו ג'ווייעד
אבו גוש,אבו גוש
אבו דיס,אבו דיס
אבו כף אום בטין,אבו כף אום בטין
אבו סנאן,אבו סנאן
אבו סנאן,אזור תעשייה
אבו עבדון,אבו עבדון
אבו קרינאת,אבו קרינאת
אבו רביעה,אבו רביעה
אבטין,אבטין
אבטליון,אבטליון
אביאל,אביאל
אביב,גרין
אביבים,אביבים
אביגדור,אביגדור
אביגיל,אביגיל
אביחיל,אביחיל
אביטל,אביטל
אביעזר,אביעזר
אבירים,אבירים
אבן יהודה,אזור תעשייה
אבן יהודה,אבן יהודה
אבן מנחם,אבן מנחם
אבן ספיר,אבן ספיר
אבן שמואל,אבן שמואל
אבני איתן,אבני איתן
אבני חפץ,אבני חפץ
אבנת,אבנת
אבשלום,אבשלום
אדורה,אדורה
אדירים,אדירים
אדמית,אדמית
אדרת,אדרת
אודים,אודים
אודם,אודם
אוהד,אוהד
אולפני נווה אילן,אולפני נווה אילן
אום אל פחם,אום אל פחם
אום אל קוטוף,אום אל קוטוף
אומן,אומן
אומץ,אומץ
אופקים,חורשת נח עתידי
אופקים,"בנה ביתך, הרי''ף"
אופקים,הארזים
אופקים,"יעקב מסיקה, יוני, דדו"
אופקים,מישור הגפן
אופקים,בן גוריון
אופקים,מתחם אופקים חדשים
אופקים,נחלת שקד
אופקים,נחלת שמשון
אופקים,שפירא
אופקים,אזור תעשייה דרומי
אופקים,תמל 1034 מתחם אופקים חדשים
אופקים,אזור התעשייה
אור הגנוז,אור הגנוז
אור הנר,אור הנר
אור יהודה,אזור תעשייה א ומגורים
אור יהודה,נווה רבין
אור יהודה,קרית גיורא
אור יהודה,נווה סביון
אור יהודה,הפרדס
אור יהודה,אזור תעשייה ב ואזור תעשייה יהלום
אור יהודה,עמידר
אור יהודה,ההסתדרות
אור יהודה,שיכון ממשלתי
אור יהודה,רמת פנקס
אור יהודה,פרדס בחיסכון עתידי
אור יהודה,אזור תעסוקה עתידי
אור יהודה,פארק אילון עתידי
אור יהודה,מתחם סקיה בזק
אור עקיבא,אור ים
אור עקיבא,אזור תעשייה דרומי
אור עקיבא,היובל
אור עקיבא,שז''ר
אור עקיבא,"בן גוריון, נווה אלון"
אור עקיבא,רבין
אור עקיבא,גני אור ואורות
אור עקיבא,אזור תעשייה צפוני
אור עקיבא,עתידי אור עקיבא מזרח
אורה,אורה
אורון,אורון מפעל פוספסטים
אורות,אורות
אורטל,אורטל
אורים,אורים
אורנים,אורנים
אורנית,אורנית
אושה,אושה
אזבסטונים דרום,נווה זית
אזור,"בן גוריון, שיכון שבענה"
אזור,"יצחק שדה, שיכון גג"
אזור,"גני אזור, שיכון חדש"
אזור,אזור תעשייה
אזור תעסוקה כפר ורדים מעלות עתידי,אזור תעסוקה כפר ורדים מעלות עתידי
אזור תעסוקה מיתרים,אזור תעשייה מיתרים
אזור תעסוקה שוקת,אזור תעסוקה שוקת עתידי
אזור תעשיות צבאים,אזור תעשיות צבאים
אזור תעשייה אכזיב מילואות,אזור תעשייה אכזיב מילואות
אזור תעשייה אלון התבור,אזור תעשייה אלון התבור
אזור תעשייה במטה בנימין,אזור תעשיה
אזור תעשייה בני יהודה,אזור תעשייה בני יהודה
אזור תעשייה ורדון עתידי,אזור תעשייה ורדון עתידי
אזור תעשייה זבולון,אזור תעשייה זבולון
אזור תעשייה מבואות הגלבוע,אזור תעשייה מבואות הגלבוע
אזור תעשייה נ.ע.מ,אזור תעשייה נ.ע.מ
אזור תעשייה ניצני השלום,אזור תעשייה ניצני השלום
אזור תעשייה נעמן,שכונת אזור תעשייה מילואות דרום
אזור תעשייה ספיר,אזור תעשייה ספיר
אזור תעשייה פארק אדיסון,אזור תעשייה פארק אדיסון
אזור תעשייה צ.ח.ר,אזור תעשייה צ.ח.ר
אזור תעשייה רבדים,אזור תעשייה רבדים
אזור תעשייה שגיא 2000,אזור תעשייה שגיא
אזור תעשייה שער בנימין,אזור תעשיה שער בנימין
אזור תעשייה תנובות,אזור תעשייה תנובות
אחווה,אחווה
אחוזם,אחוזם
אחוזת ברק,אחוזת ברק
אחיהוד,אחיהוד
אחיטוב,אחיטוב
אחיסמך,אחיסמך
אחיעזר,אחיעזר
איבים,איבים
אייל,אייל
איילת השחר,איילת השחר
אילון,אילון
אילות,אילות
אילניה,אילניה
אילת,אזור תעשייה שחרות
אילת,נמל אילת
אילת,"נווה מדבר, יעלים"
אילת,הדקל
אילת,אורים
אילת,ערבה
אילת,צאלים
אילת,אופיר
אילת,מרכז העיר
אילת,האשל
אילת,מצפה ים
אילת,"גנים א, גנים ב"
אילת,ביג אילת
אילת,"אזור המלונות, המרינה ושדה התעופה"
אילת,רובע השדה
אילת,בריכות המלח
אילת,"צופית, בנה ביתך, אמדר"
אילת,עתידי - שיפולי ההר מתחם הגולף
אילת,שחמון
אירוס,אירוס
איתמר,איתמר
איתן,איתן
איתנים,איתנים
אכסאל,אכסאל
אכסאל,אזור תעשייה זעירה
אל אטרש ב,אל אטרש ב
אל אסד,אל אסד
אל ח'וואלד מערב,אל ח'וואלד מערב
אל עזי,אל עזי
אל עריאן,אל עריאן
אל רום,אל רום
אלומה,אלומה
אלומות,אלומות
אלון,אלון
אלון הגליל,אלון הגליל
אלון מורה,אלון מורה
אלון שבות,אלון שבות
אלוני אבא,אלוני אבא
אלוני הבשן,אלוני הבשן
אלוני יצחק,אלוני יצחק
אלונים,אלונים
אלי עד,אלי עד
אליאב,אליאב
אליכין,אליכין
אליפז,אליפז
אליפלט,אליפלט
אליקים,אליקים
אלישיב,אלישיב
אלישמע,אלישמע
אלמגור,אלמגור
אלמוג,אלמוג
אלעד,אזור תעשייה אלעד עתידי
אלעד,רובע אי
אלעד,נווה יצחק
אלעד,רובע די
אלעד,רובע סי
אלעד,רובע בי
אלעד,תמל 1081 אזור תעסוקה
אלעזר,אלעזר
אלפי מנשה,אזור תעשייה
אלפי מנשה,אלפי מנשה
אלקוש,אלקוש
אלקנה,אלקנה
אמונים,אמונים
אמירים,אמירים
אמנון,אמנון
אמציה,אמציה
אניעם,אניעם
אספר,אספר
אעבלין,אעבלין
אעצם,אעצם
אפיק,אפיק
אפיקים,אפיקים
אפק,אפק
אפרת,אפרתה
ארבל,ארבל
ארגמן,ארגמן
ארז,ארז
אריאל,פארק תעשיות אריאל מערב
אריאל,מוריה ואוניברסיטת אריאל
אריאל,דרום אריאל תוכנית 130/8
אריאל,רובע א
אריאל,רובע ב
אריאל,אזור תעשייה
ארסוף,ארסוף
אשבול,אשבול
אשבל,אשבל
אשדוד,רובע א
אשדוד,סטאר סנטר ולכיש דרום
אשדוד,רובע ב
אשדוד,רובע ג'
אשדוד,רובע ד
אשדוד,רובע ה
אשדוד,רובע ו
אשדוד,רובע ז
אשדוד,רובע ח
אשדוד,רובע ט'
אשדוד,רובע י
אשדוד,רובע יא
אשדוד,רובע יב
אשדוד,רובע יג
אשדוד,רובע יז
אשדוד,רובע יד עתידי
אשדוד,רובע הסיטי
אשדוד,הקריה
אשדוד,המרינה
אשדוד,משולש חלקאי עתידי
אשדוד,עורף הנמל ופארק לכיש
אשדוד,קו החוף דרום
אשדוד,רובע טו
אשדוד,רובע טז
אשדות יעקב איחוד,אשדות יעקב איחוד
אשדות יעקב מאוחד,אשדות יעקב מאוחד
אשחר,אשחר
אשכולות,אשכולות
אשל הנשיא בי''ס אזורי,אשל הנשיא בי''ס אזורי
אשלים,אשלים
אשקלון,פיתוח עתידי צפון אשקלון
אשקלון,"רמת כרמים, הרצוג, ברנע צפון"
אשקלון,ברנע דרום
אשקלון,נווה דקלים
אשקלון,נווה ההדרים
אשקלון,מרינה
אשקלון,סיטי
אשקלון,כוכב הצפון
אשקלון,נווה אילן
אשקלון,נאות אשקלון
אשקלון,אזור תעשייה צפון
אשקלון,אזור תעשייה דרומי
אשקלון,גולדה
אשקלון,"נווה ים, בית חולים ברזילי"
אשקלון,נווה אלונים
אשקלון,ז'בוטינסקי
אשקלון,גן הורדים
אשקלון,"רמת בן גוריון, שמשון"
אשקלון,אפרידר
אשקלון,"רסקו, אשכולי פז"
אשקלון,"גני ברנע, נאות ברנע"
אשקלון,מצפה ברנע
אשקלון,שכונה עתידית דרום מזרח
אשקלון,אגמים
אשקלון,"גבעת ציון, כרמי ציון"
אשקלון,שיקמים
אשקלון,גבעת הפרחים
אשקלון,מגדל
אשקלון,רמת אשכול
אשרת,אשרת
אשתאול,אשתאול
אתגר,אתגר
באקה אל ע'רביה,באקה אל ע'רביה
באקה אל ע'רביה,אזור תעשייה
באר אורה,באר אורה
באר גנים,באר גנים
באר טוביה,באר טוביה
באר יעקב,"חוטר, בית חולים שמואל הרופא"
באר יעקב,נווה דורון
באר יעקב,חתני פרס ישראל ותלמים
באר יעקב,רמב''ם
באר יעקב,דרומית לשדרות יצחק רבין
באר יעקב,צמרות המושבה
באר יעקב,גני מנחם
באר יעקב,פארק המושבה
באר יעקב,חצרות צריפין
באר יעקב,צריפין עתידי
באר יעקב,מרכז רפואי אסף הרופא
באר יעקב,תלמי מנשה
באר יעקב,אזור תעשייה
באר יעקב,הרצל
באר מילכה,באר מילכה
באר שבע,שטח פתוח 2
באר שבע,שטח פתוח 1
באר שבע,רמות ב
באר שבע,רמות ג
באר שבע,רמות א
באר שבע,רמות ד
באר שבע,שכונה ד צפון
באר שבע,שכונה ד
באר שבע,שכונה ו
באר שבע,שכונה ב
באר שבע,שכונה ה
באר שבע,שכונה א
באר שבע,המרכז האזרחי
באר שבע,העיר העתיקה
באר שבע,נאות חצרים
באר שבע,שיכון דרום
באר שבע,נווה זאב
באר שבע,שכונה ט
באר שבע,נאות לון
באר שבע,שכונה יא
באר שבע,שכונה ג
באר שבע,נווה מנחם נחל עשן
באר שבע,סיגליות
באר שבע,פארק הנחל
באר שבע,אזורי תעשייה
באר שבע,נאות הדרים עתידי
באר שבע,שכונה ד מזרח
באר שבע,שכונה צפונית עתידית
באר שבע,כלניות
באר שבע,נווה נוי
באר שבע,נחל בקע
בארות יצחק,בארות יצחק
בארותיים,בארותיים
בארי,בארי
בוסתן הגליל,בוסתן הגליל
בועיינה נוג'יידאת,בועיינה נוג'יידאת
בוקעתא,בוקעתא
בורגתה,בורגתה
בחן,בחן
בטחה,בטחה
ביענה,ביענה
ביצרון,ביצרון
ביר אל מכסור,ביר אל מכסור
ביר הדאג',ביר הדאג'
ביריה,ביריה
בית אורן,בית אורן
בית אל,בית אל
בית אלעזרי,בית אלעזרי
בית אלפא,בית אלפא
בית אריה,בית אריה
בית ברל,בית ברל
בית גוברין,בית גוברין
בית גמליאל,בית גמליאל
בית ג'ן,בית ג'ן
בית דגן,בית דגן
בית הגדי,בית הגדי
בית הלוי,בית הלוי
בית הלל,בית הלל
בית העמק,בית העמק
בית הערבה,בית הערבה
בית השיטה,בית השיטה
בית זיד,בית זיד
בית זית,בית זית
בית זרע,בית זרע
בית חולים פורייה,בית חולים פורייה
בית חורון,בית חורון
בית חלקיה,בית חלקיה
בית חנן,בית חנן
בית חנניה,בית חנניה
בית חרות,בית חרות
בית חרות,קניון אם הדרך
בית חשמונאי,בית חשמונאי
בית יהושע,בית יהושע
בית יוסף,בית יוסף
בית ינאי,בית ינאי
בית יצחק שער חפר,בית יצחק שער חפר
בית לחם הגלילית,בית לחם הגלילית
בית מאיר,בית מאיר
בית נחמיה,בית נחמיה
בית ניר,בית ניר
בית נקופה,בית נקופה
בית עובד,בית עובד
בית עוזיאל,בית עוזיאל
בית עזרא,בית עזרא
בית עריף,בית עריף
בית צבי,בית צבי
בית קמה,בית קמה
בית קשת,בית קשת
בית רבן,בית רבן
בית רימון,בית רימון
בית שאן,אזור תעשייה מזרחי
בית שאן,אזור תעשיה  צפוני
בית שאן,"נוף קדומים, נווה רחל, האירוסים"
בית שאן," נוף שאן, נוף גנים, נוף הגלבוע, האקליפטוס"
בית שאן,"קידמת עדן, מרכז העיר, נווה הדקל, נוף הגלעד"
בית שאן,"קרית רבין, נוף הירדן, צמרת"
בית שיקמה,בית שיקמה
בית שמש,נווה ספיר
בית שמש,רמת אברהם
בית שמש,שז''ר
בית שמש,רמת בית שמש ד5
בית שמש,רמת בית שמש ד4
בית שמש,רמת בית שמש ד 3
בית שמש,רמת בית שמש ד 2
בית שמש,רמת בית שמש ד 1
בית שמש,רמת בית שמש ג1
בית שמש,רמת בית שמש מע''ר
בית שמש,רמת בית שמש גבול ג1 ג2
בית שמש,רמת בית שמש ג2
בית שמש,רמת בית שמש מ3
בית שמש,רמת בית שמש דרום
בית שמש,רמת בית שמש ב
בית שמש,בית ג'מאל שטח ריק
בית שמש,רמת בית שמש ה
בית שמש,"אזור תעשייה צפוני, ביג"
בית שמש,קרית בן אליעזר וקרית אריה שיינפלד
בית שמש,קרית אריה שיינפלד דרום
בית שמש," קרית הרמ''א"
בית שמש,רמת לח''י
בית שמש,פסגת השבע
בית שמש,גבעת סביון
בית שמש,גבעת שרת ונופי אביב
בית שמש,קנה הבושם
בית שמש,נחלה ומנוחה
בית שמש,רמת בית שמש א ויצחק בן צבי
בית שמש,חיים וייצמן
בית שמש,אזור תעשייה ברוש מערב
בית שערים,בית שערים
ביתן אהרן,ביתן אהרן
ביתר עילית,אזור תעשייה היער האנגלי
ביתר עילית,עתידי - המשך שכונת A2
ביתר עילית,הגפן והתמר
ביתר עילית,הדס
ביתר עילית,הדקל
ביתר עילית,האתרוג
ביתר עילית,אזור תעשייה
בלפוריה,בלפוריה
בן זכאי,בן זכאי
בן עמי,בן עמי
בן שמן,בן שמן
בן שמן כפר נוער,בן שמן כפר נוער
בני ברק,הר שלום
בני ברק,רבי עקיבא בן גוריון
בני ברק,הפועל המזרחי ג
בני ברק,בני ברק ביזנס סנטר
בני ברק,צפון בני ברק עתידי
בני ברק,אזור תעשייה הלח''י
בני ברק,תל גיבורים
בני ברק,נווה אחיעזר
בני ברק,מרכז בעלי מלאכה
בני ברק,אזור תעשייה קוקה קולה
בני ברק,רמת אלחנן
בני ברק,קרית ויז'ניץ
בני ברק,קרית נדבורנא
בני ברק,קרית הישיבה
בני ברק,הפועל המזרחי א
בני ברק,"הפועל המזרחי ב, ד"
בני ברק,"אור החיים, רמת אהרון"
בני ברק,"גני גד, הפועל המזרחי ה"
בני ברק,גבעת סוקולוב
בני ברק,גבעת רוקח
בני ברק,פרדס כץ ויסודות
בני ברק,נחלת שמעון
בני ברק,קרית הרצוג
בני דקלים,בני דקלים
בני דרום,בני דרום
בני דרום,אזור תעשייה בני דרום
בני דרור,בני דרור
בני יהודה,בני יהודה
בני נצרים,בני נצרים
בני עטרות,בני עטרות
בני עי''ש,בני עי''ש
בני עי''ש,אזור תעשייה בתכנון
בני ציון,בני ציון
בני ראם,בני ראם
בניה,בניה
בנימינה גבעת עדה,אזור תעשייה רכבת
בנימינה גבעת עדה,אזור תעשייה כרמל
בנימינה גבעת עדה,גבעת עדה
בנימינה גבעת עדה,"גבעת הפועל, נחלת ז'בוטינסקי, המושבה הוותיקה"
בנימינה גבעת עדה,"גני בנימינה, נחלת בנימינה, יעקב, גבעת חן, זרעוניה"
בנימינה גבעת עדה,כרמי בנימינה
בסמ''ה,בסמ''ה
בסמת טבעון,בסמת טבעון
בצרה,בצרה
בצת,כפר נופש עתידי
בצת,בצת
בקוע,בקוע
בקעות,בקעות
בר גיורא,בר גיורא
בר יוחאי,בר יוחאי
ברוכין,ברוכין
ברור חיל,ברור חיל
ברורים,ברורים
ברוש,ברוש
ברוש הבקעה,ברוש הבקעה
ברכה,ברכה
ברכיה,ברכיה
ברעם,ברעם
ברק,ברק
ברקאי,ברקאי
ברקן,ברקן
ברקת,ברקת
בת הדר,בת הדר
בת הרים עתידי,בת הרים עתידי
בת חן,בת חן
בת חפר,בת חפר
בת ים,פארק הים בבניה
בת ים,דרום העיר
בת ים,אזור תעשייה הסיטי
בת ים,חוף הים
בת ים,מרכז העיר
בת ים,שיכון ותיקים-בית וגן
בת ים,בית קברות
בת ים,רמת הנשיא
בת ים,קרית באבוב
בת ים,צפון העיר
בת ים,רמת יוסף
בת ים,שיכון עולה חדש ג
בת ים,"שיכון עולה חדש א, ב ושיכון עמידר"
בת עין,בת עין
בת שלמה,בת שלמה
גאולי תימן,גאולי תימן
גאולים,גאולים
גאליה,גאליה
גבולות,גבולות
גבים,גבים
גבע,גבע
גבע בנימין,גבע בנימין
גבע כרמל,גבע כרמל
גבעולים,גבעולים
גבעון החדשה,אזור תעשייה
גבעות בר,גבעות בר
גבעות עדן,גבעות עדן עתידי
גבעת אבני,גבעת אבני
גבעת אלה,גבעת אלה
גבעת אסף,גבעת אסף
גבעת ברנר,גבעת ברנר
גבעת השלושה,גבעת השלושה
גבעת זאב,אגן האיילות וגבעת הבננה
גבעת זאב,משכנות גבעת זאב
גבעת זאב,נווה מנחם
גבעת זאב,גבעון
גבעת זאב,גבעון החדשה
גבעת חביבה,גבעת חביבה
גבעת חיים איחוד,גבעת חיים איחוד
גבעת חיים מאוחד,גבעת חיים מאוחד
גבעת ח''ן,גבעת ח''ן
גבעת יואב,גבעת יואב
גבעת יערים,גבעת יערים
גבעת ישעיהו,גבעת ישעיהו
גבעת כ''ח,גבעת כ''ח
גבעת ניל''י,גבעת ניל''י
גבעת עוז,גבעת עוז
גבעת שמואל,רמת אילן
גבעת שמואל,רמת הדר
גבעת שמואל,רמת הדקלים
גבעת שמואל,גיורא
גבעת שמואל,השחר
גבעת שמש,גבעת שמש
גבעת שפירא,גבעת שפירא
גבעתי,גבעתי
גבעתיים,קרית יוסף
גבעתיים,מרכז עסקים צפון
גבעתיים,בורוכוב
גבעתיים,פועלי הרכבת
גבעתיים,שיינקין
גבעתיים,גבעת רמב''ם
גבעתיים,ארלוזורוב
גבעתיים,כצנלסון דרום
גבעתיים,בן צבי
גבעתיים,תל גנים
גברעם,גברעם
גבת,גבת
גדות,גדות
ג'דידה מכר,ג'דידה מכר
ג'דידה מכר,אזור תעשייה זעירה
גדיש,גדיש
גדעונה,גדעונה
גדרה,אזור תעשייה עתידי
גדרה,"המושבה, המושבה הגרמנית, גבעת העיריות"
גדרה,"חפץ חיים, קטרה, נווה שולמית, נווה משה"
גדרה,אזור תעשייה
גדרה,"נווה ציון, כפר אוריאל, נווה שלמה"
גדרה,"לב גדרה, אזורי גדרה, עמק הנשר, צמרת גדרה"
גדרה,"רשפים, גדרה הצעירה"
ג'וליס,ג'וליס
ג'וליס,אזור תעשייה
גונן,גונן
גורן,גורן
גורנות הגליל,גורנות הגליל
גוש עציון מתחם מסחרי,גוש עציון מתחם מסחרי
גזית,גזית
גזר,גזר
גיאה,גיאה
גיבתון,גיבתון
גיזו,גיזו
גילון,גילון
גילת,גילת
גינוסר,גינוסר
גיניגר,גיניגר
גינתון,גינתון
ג'יש,אזור תעשייה
ג'יש,ג'יש
גיתה,גיתה
גיתית,גיתית
גלאון,גלאון
ג'לג'וליה,ג'לג'וליה
גלגל,גלגל
גליל ים,גליל ים
גלעד,גלעד
גמזו,גמזו
גן הדרום,גן הדרום
גן השומרון,גן השומרון
גן התעשייה תל חי,גן התעשייה תל חי
גן חיים,גן חיים
גן יאשיה,גן יאשיה
גן יבנה,"נווה גן, נווה עובד, גבעת שמשון, עמידר, נאות המכבים"
גן יבנה,נאות אשכול
גן יבנה,"מוטה גור, נאות הדרים, שיכון עובדים"
גן יבנה,נאות הפרחים
גן יבנה,אזור תעשייה
גן נר,גן נר
גן שורק,גן שורק
גן שלמה,גן שלמה
גן שמואל,גן שמואל
גנות,גנות
גנות הדר,גנות הדר
גני הדר,גני הדר
גני טל,גני טל
גני יוחנן,גני יוחנן
גני עם,גני עם
גני תקווה,צפון חדש עתידי
גני תקווה,"גנים, נוף סביון"
גני תקווה,ישמח משה
גני תקווה,"גבעת סביון החדשה, בורוכוב, מרכז העיר"
ג'סר א זרקא,ג'סר א זרקא
געש,געש
געש,אזור מסחר
געתון,געתון
גפן,גפן
גרופית,גרופית
גשור,גשור
גשר,גשר
גשר הזיו,גשר הזיו
גת,גת
גת,פארק תעשיות פ.ג.ש
ג'ת,ג'ת
גת רימון,גת רימון
דאלית אל כרמל,דאלית אל כרמל
דבורה,דבורה
דבוריה,דבוריה
דבירה,דבירה
דברת,דברת
דגניה א',דגניה א'
דגניה ב',דגניה ב'
דוב''ב,דוב''ב
דולב,דולב
דור,דור
דורות,דורות
דורות עילית,דורות עילית עתידי
דחי,דחי
דייר אל אסד,דייר אל אסד
דייר חנא,דייר חנא
דייר ראפאת,דייר ראפאת
דימונה,אזור תעשייה דרומי בתכנון
דימונה,שכונה עתידית במקום כיתן
דימונה,אזור תעשייה קרית עמל
דימונה,"חכמי ישראל, הגבעה, בנה ביתך, נאות קטיף"
דימונה,השחר
דימונה,"נופי מדבר, כובשי אילת, ממשית"
דימונה,"הר נוף, נווה חורש, נאות הללי"
דימונה,"נווה דוד, הניצחון"
דימונה,"נווה אביב, מלכי ישראל"
דימונה,נווה גן
דימונה,קהילת העבריים
דימונה,שבעת המינים
דימונה,גיורא יוספטל
דימונה,"פרחי ארצנו, ערבה"
דיר כרמיזן,דיר כרמיזן וביר עונה
דישון,דישון
דליה,דליה
דלתון,דלתון
דמיידה,דמיידה
דן,דן
דפנה,דפנה
דקל,דקל
דריג'את,דריג'את
האון,האון
הבונים,הבונים
הגושרים,הגושרים
הדר עם,הדר עם
הוד השרון,החומש והרמטכלים
הוד השרון,מתחם 200
הוד השרון,מרכז מגדיאל
הוד השרון,מתחם 1200
הוד השרון,1202 עתידי
הוד השרון,"גני צבי, שיכון גיורא"
הוד השרון,מגדיאל
הוד השרון,אזור תעשייה נווה נאמן
הוד השרון,גלגל המזלות
הוד השרון,רמתיים
הוד השרון,"רמות מנחם, גרין פארק"
הוד השרון,כפר הדר
הוד השרון,"רמת הדר, נווה הדר"
הוד השרון,"גיל עמל, הפועל המזרחי, שביל התפוזים"
הוד השרון,"שכונת הפועלים, שיכון עממי, שכונת הפרחים"
הוד השרון,נווה נאמן
הודיה,הודיה
הודיות מוסד חינוכי,הודיות מוסד חינוכי
הוואשלה,הוואשלה
הוזייל,הוזייל
הושעיה,הושעיה
הזורע,הזורע
הזורעים,הזורעים
החותרים,החותרים
היוגב,היוגב
הילה,הילה
המעפיל,המעפיל
המרכז האקדמי רופין,מדרשת רופין
הסוללים,הסוללים
העוגן,העוגן
הר אדר,הר אדר
הר גילה,הר גילה
הר עמשא,הר עמשא
הראל,הראל
הרדוף,הרדוף
הרצליה,אזור תעשייה ומרינה
הרצליה,שיכון עממי
הרצליה,המרכז הבינתחומי וסביבתו
הרצליה,קרית שחקים
הרצליה,גליל ים הרצליה
הרצליה,קרית ספורט ובינתחומי
הרצליה,גבעת הסופר והרצליה ב
הרצליה,הרצליה החדשה
הרצליה,הרצליה הירוקה
הרצליה,נווה עובד
הרצליה,פועלים
הרצליה,"צמרות, גני הרצליה, שיכון דרום"
הרצליה,גורדון
הרצליה,נחלת עדה וגן רש''ל
הרצליה,יד התשעה
הרצליה,נווה עמל
הרצליה,נווה אמירים
הרצליה,נווה ישראל
הרצליה,הרצליה פיתוח
הרצליה,"נוף ים, שיכון עולים,"
הרצליה,וייצמן
הרצליה,הרצליה הצעירה
הררית,הררית
ורד הגליל,ורד הגליל
ורד יריחו,ורד יריחו
ורדון,ורדון
זבדיאל,זבדיאל
זוהר,זוהר
זיקים,זיקים
זיתן,זיתן
זכרון יעקב,המושבה + יעקב
זכרון יעקב,"גבעת עדן, נווה שלו"
זכרון יעקב,"אחוזת ניל''י, נוהו הברון, נווה רמז"
זכרון יעקב,"מול היקב, חלומות זכרון, רמת צבי, נווה שרת, זיכרונה עתידי"
זכרון יעקב,אזור מסחר
זכריה,זכריה
זמר,זמר
זמרת,זמרת
זנוח,זנוח
זרועה,זרועה
זרזיר,זרזיר
זרזיר,אזור תעשייה
זרחיה,זרחיה
זרעית,זרעית
חבצלת השרון,חבצלת השרון
חבר,חבר
חגור,חגור
חגי,חגי
חגלה,חגלה
חד נס,חד נס
חדיד,חדיד
חדרה,עין הים דרום
חדרה,פרויקט עיר ימים עתידי
חדרה,"חפציבה, יצחק, נווה חיים, הפועל המזרחי"
חדרה,"ויצמן, גזית"
חדרה,בתכנון עתידי - פארק עסקים
חדרה,"הזיתים, גני אלון"
חדרה,אזור תעשייה צפוני
חדרה,רמב''ם
חדרה,האוצר
חדרה,"גבעת ביל''ו, נחליאל,  אפרים, יוספטל"
חדרה,"ביאליק, שלמה, שמשון"
חדרה,פאר
חדרה,ברנדייס
חדרה,"ניסן, שכונת הפארק"
חדרה,מרכז העיר
חדרה,"כפר יוליאנה, דניה"
חדרה,בית אליעזר
חדרה,"בן גוריון, קדמת ים"
חדרה,גבעת אולגה
חדרה,חופים
חדרה,אלי כהן
ח'ואלד,ח'ואלד
חוג'ייראת,חוג'ייראת
חוות השקמים,חוות השקמים
חוות נעמ''א וחוות בולוטין,חוות נעמ''א וחוות בולוטין
חולדה,חולדה
חולון,שכונת עם
חולון,"נאות יהודית, נווה ארזים"
חולון,מפדה אזרחי
חולון,מקוה ישראל
חולון,אזור תעשייה א
חולון,אזור תעשייה ג
חולון,אזור תעשייה ב
חולון,ח-500 וגבעת חולון
חולון,קרית מיכה
חולון,נאות שושנים
חולון,רסקו ג
חולון,רסקו ב
חולון,אגרובנק
חולון,רסקו א
חולון,קרית שרת
חולון,קרית פנחס אילון
חולון,נווה רמז
חולון,ותיקים
חולון,קרית יצחק רבין
חולון,ג'סי כהן
חולון,קרית בן גוריון
חולון,שיכון עממי
חולון,תל גיבורים
חולון,קרית עבודה
חולון,שכונת המגדלים ח-501
חולון,נאות רחל
חולון,שיכון חדש
חולית,חולית
חולתה,חולתה
חוסן,חוסן
חוסנייה,חוסנייה
חופית,חופית
חוקוק,חוקוק
חורה,חורה
חורפיש,חורפיש
חורשים,חורשים
חזון,חזון
חיבת ציון,חיבת ציון
חיננית,חיננית
חיפה,קרית אליהו
חיפה,קרית אליעזר
חיפה,חיפה אל עתיקה
חיפה,עין הים
חיפה,קרית שפרינצק
חיפה,שער העלייה
חיפה,נווה דוד
חיפה,מבואות דרומיים - כפר סמיר
חיפה,רמת הנשיא
חיפה,רמת שאול
חיפה,כרמל צרפתי
חיפה,"כרמל צפוני, רמת התשבי"
חיפה,כרמל מערבי
חיפה,כבאביר
חיפה,מרכז הכרמל
חיפה,רמת הדר
חיפה,כרמליה
חיפה,שמבור
חיפה,ורדיה
חיפה,רמת אשכול
חיפה,רמת בגין
חיפה,רמת בן גוריון
חיפה,רוממה
חיפה,רמת ספיר
חיפה,גבעת זמר - בתכנון
חיפה,רמת גולדה
חיפה,רמת אלמוגי
חיפה,סביוני הכרמל
חיפה,דניה - הוד הכרמל
חיפה,אוניברסיטת חיפה
חיפה,הרצליה
חיפה,הדר עליון
חיפה,הדר מערב
חיפה,רמת אלון
חיפה,רמות רמז
חיפה,רמת חן
חיפה,זיו
חיפה,נווה שאנן
חיפה,חליסה
חיפה,תל עמל
חיפה,נווה יוסף
חיפה,נווה פז
חיפה,ואדי ניסנאס
חיפה,העיר התחתית
חיפה,קרית שמואל
חיפה,קרית חיים מזרחית
חיפה,המושבה הגרמנית
חיפה,בת גלים
חיפה,קרית חיים מערבית
חיפה,יזרעאליה
חיפה,הדר הכרמל
חיפה,ואדי סאליב
חיפה,גאולה
חיפה,נחלה
חיפה,נמל חיפה
חיפה,"מת""מ"
חיפה,נאות פרס
חיפה,אזור תעשייה קרית חיים
חיפה,לב המפרץ
חיפה,בתי הזיקוק
חיפה,חוצות המפרץ
חיפה,נמל תעופה חיפה
חיפה,קרית הטכניון
חיפה,מורדות לינקולן תחתון
חיפה,אחוזה
חיפה,רמת ויז'ניץ
חלוץ,חלוץ
חלמיש,חלמיש
חלץ,חלץ
חמאם,חמאם
חמד,חמד
חמדיה,חמדיה
חמדת,חמדת
חמרה,חמרה
חניאל,חניאל
חניתה,חניתה
חנתון,חנתון
חספין,חספין
חפץ חיים,חפץ חיים
חפצי בה,חפצי בה
חצב,חצב
חצבה,חצבה
חצור אשדוד,חצור אשדוד
חצור הגלילית,אזור תעשייה
חצור הגלילית,חצור הגלילית
חצור הגלילית,הקריה החסידית
חצרים,חצרים
חרב לאת,חרב לאת
חרוצים,חרוצים
חרות,חרות
חריש,החורש
חריש,אבני חן
חריש,מעוף
חריש,הפרחים
חריש,בצוותא
חריש,חריש דרום עתידי
חרמש,חרמש
חרשים,חרשים
חשמונאים,חשמונאים
טבריה,טבריה עילית ובן גוריון
טבריה,שיכון ד
טבריה,"רמת טבריה ב, רמת טבריה ג, שכונת 200+"
טבריה,"מורדות טבריה, רמת טבריה א"
טבריה,נוף כינרת
טבריה,רבי עקיבא שיכון ב
טבריה,קרית משה
טבריה,אזור תעשייה ומלאכה
טבריה,"עץ חיים, שיכון הדייגים, אחווה, גאולים שיכון א"
טבריה,דוד רמז שיכון עובדים רקפות
טבריה,קרית שמואל
טבריה,דון יוסף נשיא
טבריה,"שרת, רווקיה, שיכון עממי, רמת כינרת"
טבריה,אזור תעשייה
טבריה,הרמב''ם
טבריה,העיר העתיקה
טבריה,שיכון ג
טבריה,נוף כנרת פוריה
טבריה,חורשת האקליפטוס
טבריה,ביג טבריה
טבריה,טבריה המושבה עתידי
טובא זנגריה,טובא זנגריה
טורעאן,טורעאן
טייבה,טייבה
טייבה,אזור תעשייה טייבה
טייבה ליד מולדת,טייבה ליד מולדת
טירה,טירה
טירת יהודה,טירת יהודה
טירת כרמל,א.ת טירת הכרמל
טירת כרמל,"רמב""ם, ביאליק, נווה אליאס, ברנר, מעלה נוף"
טירת כרמל,"רמת בגין, כהן, איילת הכרמל, אשכול"
טירת כרמל,"עמידר, וייצמן, שיטרית"
טירת כרמל,"שז""ר-דקר, כלניות"
טירת כרמל,גלי כרמל
טירת כרמל,החותרים
טירת כרמל,"גיורא, בן צבי, נווה גלים"
טירת צבי,טירת צבי
טל אל,טל אל
טל שחר,טל שחר
טללים,טללים
טלמון,טלמון
טמרה,טמרה
טמרה,אזור תעשייה
טמרה יזרעאל,טמרה יזרעאל
טנא,טנא
טנטור,טנטור
טפחות,טפחות
יאנוח ג'ת,יאנוח ג'ת
יבול,יבול
יבור,יבור
יבנאל,יבנאל
יבנה,אזור תעשייה
יבנה,נווה אילן
יבנה,רמות וייצמן
יבנה,נאות בן גוריון
יבנה,נאות אשכול
יבנה,"נאות שז''ר, רמות בן צבי"
יבנה,נאות בגין
יבנה,אזור המלאכה
יבנה,עתידי - דרום מזרח יבנה
יבנה,נאות שמיר - בבנייה
יבנה,"נאות רבין, יבנה הירוקה"
יגור,יגור
יגל,יגל
יד בנימין,יד בנימין
יד השמונה,יד השמונה
יד חנה,יד חנה
יד חנה,אזור תעשייה
יד מרדכי,יד מרדכי
יד נתן,יד נתן
יד רמב''ם,יד רמב''ם
ידידה,ידידה
יהוד מונוסון,אזור תעשייה דרום מערב
יהוד מונוסון,סיפוח מגני יהודה
יהוד מונוסון,קרית ביאליסטוק
יהוד מונוסון,אזור תעשייה וביג יהוד
יהוד מונוסון,קרית הסביונים
יהוד מונוסון,מרכז העיר
יהוד מונוסון,נווה אפרים מונוסון
יהל,יהל
יובל,יובל
יובלים,יובלים
יודפת,יודפת
יונתן,יונתן
יוקנעם עילית,אזור תעשייה
יוקנעם עילית,נוף העמק
יוקנעם עילית,נוף לכרמל
יוקנעם עילית,רמת יוקנעם
יוקנעם עילית,גבעת הכלניות
יוקנעם עילית,גבעת אלונים
יוקנעם עילית,"ורד העמקים, גבעת יערה, שער הגיא - עתידי"
יושיביה,יושיביה
יזרעאל,יזרעאל
יחיעם,יחיעם
יטבתה,יטבתה
ייט''ב,ייט''ב
יכיני,יכיני
ים המלח בתי מלון,בתי מלון ים המלח
ינוב,ינוב
ינון,ינון
יסוד המעלה,יסוד המעלה
יסודות,יסודות
יסעור,יסעור
יעד,יעד
יעל,יעל
יעף,יעף
יערה,יערה
יפיע,יפיע
יפית,יפית
יפעת,יפעת
יפתח,יפתח
יצהר,יצהר
יציץ,יציץ
יקום,יקום
יקיר,יקיר
יקנעם,יוקנעם
יראון,יראון
ירדנה,ירדנה
ירוחם,אזור תעשייה מזרח
ירוחם,אגם ואופק
ירוחם,שכונות מזרחיות
ירוחם,האירוסים
ירוחם,נאות הדר והגבעה
ירוחם,שכונות מערביות
ירושלים,בית ספאפא
ירושלים,רמות אלון
ירושלים,שועפט
ירושלים,שכונה עתידית מזרחית להר גילה
ירושלים,קרית הלאום
ירושלים,משכנות האומה
ירושלים,רמות א
ירושלים,רמות ד
ירושלים,נווה אליהו עתידי
ירושלים,אזור תעשייה גבעת שאול
ירושלים,עיר גנים א
ירושלים,עיר גנים ב
ירושלים,עיר גנים ג
ירושלים,פסגת זאב מזרח
ירושלים,פסגת זאב מערב
ירושלים,פסגת זאב מרכז
ירושלים,מנחת מלחה
ירושלים,מצפה נפתוח/תוכנית ספדיה
ירושלים,רמת מוצא
ירושלים,שטח פתוח1
ירושלים,שטח פתוח2
ירושלים,שטח פתוח3
ירושלים,המרכז הרפואי הדסה עין כרם
ירושלים,רכס לבן
ירושלים,מלחה גן טכנולוגי
ירושלים,הר חומה מערב
ירושלים,מחנה פליטים קלנדיה
ירושלים,שכונת יעל עתידי
ירושלים,אזור תעשייה עטרות
ירושלים,"א טור, אשייח, א סוואנה"
ירושלים,קטמון-גונן א-ו
ירושלים,קטמון-גונן ח-ט
ירושלים,"קטמון-גונן ז, פת"
ירושלים,רמות ג
ירושלים,רמות פולין
ירושלים,נווה אורות
ירושלים,רמות ב
ירושלים,גבעת שאול
ירושלים,קרית משה
ירושלים,ליפתא
ירושלים,הר חוצבים - פארק תעשיית היי טק
ירושלים,סנהדריה
ירושלים,סנהדריה המורחבת
ירושלים,"ניות, נוה שאנן, נווה גרנות"
ירושלים,גבעת רם
ירושלים,בית הכרם
ירושלים,יפה נוף
ירושלים,רמת בית הכרם
ירושלים,הולילנד
ירושלים,רמת שרת
ירושלים,כפר שלמא הכפר השוודי
ירושלים,עין כרם
ירושלים,הר הרצל
ירושלים,קרית מנחם
ירושלים,גבעת משואה
ירושלים,גילה
ירושלים,גבעת המטוס
ירושלים,קטמון הישנה
ירושלים,קרית שמואל
ירושלים,רחביה
ירושלים,טלביה
ירושלים,גבעת מרדכי
ירושלים,"גבעת אורנים, גבעת הורדים"
ירושלים,המושבה היונית
ירושלים,המושבה הגרמנית
ירושלים,קרית וולפסון
ירושלים,שערי חסד
ירושלים,נחלת אחים
ירושלים,זכרון יוסף
ירושלים,נחלת ציון
ירושלים,"מזכרת משה, אוהל משה"
ירושלים,בתי ראנד ובתי מונקאטש
ירושלים,נחלת שבעה
ירושלים,הרובע הנוצרי
ירושלים,הרובע הארמני
ירושלים,הרוב המוסלמי
ירושלים,הרובע היהודי
ירושלים,ימין משה
ירושלים,מתחם ממילא
ירושלים,מחנה ישראל
ירושלים,אבו תור - גבעת חנניה
ירושלים,אבו תור
ירושלים,בקעה - גאולים
ירושלים,מקור חיים
ירושלים,אזור תעשייה תלפיות
ירושלים,תלפיות
ירושלים,ארנונה
ירושלים,צפון תלפיות
ירושלים,רמות רחל
ירושלים,ארמון הנציב - תלפיות מזרח
ירושלים,ואדי חילווה - עיר דוד
ירושלים,סילואן
ירושלים,"ראס אל עמוד, מעלה הזיתים"
ירושלים,"סור באהר, אום ליסון"
ירושלים,אום טובא
ירושלים,הר חומה - חומת שמואל
ירושלים,רמת שלמה
ירושלים,מחנה פליטים שועפט
ירושלים,אזור תעשייה ענתות
ירושלים,נווה יעקב
ירושלים,בית חנינא
ירושלים,"הגבעה הצרפתית, צמרת הבירה"
ירושלים,עיסוויה
ירושלים,הר הצופים
ירושלים,קרית הממשלה - קרית מנחם בגין
ירושלים,שייח ג'ראח
ירושלים,ואדי אל ג'וז
ירושלים,מעלות דפנה
ירושלים,שמואל הנביא
ירושלים,ארזי הבירה
ירושלים,באב א זהרה
ירושלים,מוסררה - מורשה
ירושלים,מאה שערים
ירושלים,בית ישראל
ירושלים,גאולה
ירושלים,הבוכרים
ירושלים,כרם אברהם
ירושלים,מקור ברוך
ירושלים,זכרון משה
ירושלים,מחנה שנלר
ירושלים,שוק מחנה יהודה
ירושלים,"מחניים, תל ארזה"
ירושלים,עזרת תורה
ירושלים,קרית צאנז
ירושלים,מטרסדורף
ירושלים,קרית בעלזא
ירושלים,"שיכון חב""ד"
ירושלים,רוממה
ירושלים,רוממה עילית
ירושלים,מרכז העיר
ירושלים,גבעת המבתר
ירושלים,רמת אשכול
ירושלים,קרית היובל
ירושלים,בית וגן
ירושלים,רמת דניה
ירושלים,"ג'בל מוכבר, ערב א סוואחרה, נוף ציון"
ירושלים,הר נוף
ירחיב,ירחיב
ירכא,ירכא
ירכא,אזור תעשייה זעירה
ירקונה,ירקונה
ישוב קבע בדואים,ישוב קבע בדואים
ישובים דרומית לכסיפה,ישובים דרומית לכסיפה
ישובים דרומית לערד,ישובים דרומית לערד
ישובים דרומית לערערה בנגב,ישובים דרומית לערערה בנגב
ישובים דרומית לשגב שלום,ישובים דרומית לשגב שלום
ישובים מזרחית לחורה,ישובים מזרחית לחורה
ישובים מזרחית לנבטים,ישובים מזרחית לנבטים
ישובים צפונית לכסיפה,ישובים צפונית לכסיפה
ישע,ישע
ישעי,ישעי
ישרש,ישרש
יתד,יתד
כאבול,כאבול
כאוכב אבו אל היגא,כאוכב אבו אל היגא
כברי,כברי
כדורי,כדורי
כוכב השחר,כוכב השחר
כוכב יאיר,צור יגאל
כוכב יאיר,א.ת מצפה ספיר
כוכב יאיר,כוכב יאיר
כוכב יעקב,כוכב יעקב
כוכב מיכאל,כוכב מיכאל
כורזים,כורזים
כחל,כחל
כינרת מושבה,כינרת מושבה
כינרת קבוצה,כינרת קבוצה
כיסופים,כיסופים
כיסרא סומיע,כיסרא סומיע
כיסרא סומיע,אזור תעשיה כיסרא סומיע
כישור,כישור
כליל,כליל
כלנית,כלנית
כמאנה,כמאנה
כמהין,כמהין
כמון,כמון
כנות,כנות
כנף,כנף
כסיף עתידי,כסיף ישוב עתידי
כסיפה,כסיפה
כסלון,כסלון
כעביה טבאש חג'אג'רה,כעביה טבאש חג'אג'רה
כפר אביב,כפר אביב
כפר אדומים,כפר אדומים
כפר אוריה,כפר אוריה
כפר אחים,כפר אחים
כפר ביאליק,כפר ביאליק
כפר ביל''ו,כפר ביל''ו
כפר בלום,כפר בלום
כפר בן נון,כפר בן נון
כפר ברא,כפר ברא
כפר ברוך,כפר ברוך
כפר גדעון,כפר גדעון
כפר גלים,כפר גלים
כפר גליקסון,כפר גליקסון
כפר גלעדי,כפר גלעדי
כפר דניאל,כפר דניאל
כפר האורנים,כפר הארנים
כפר החורש,כפר החורש
כפר המכבי,כפר המכבי
כפר הנגיד,כפר הנגיד
כפר הנוער הדתי,כפר הנוער הדתי
כפר הנשיא,כפר הנשיא
כפר הס,כפר הס
כפר הרא''ה,כפר הרא''ה
כפר הרי''ף,כפר הרי''ף
כפר ויתקין,כפר ויתקין
כפר ורבורג,כפר ורבורג
כפר ורדים,כפר ורדים
כפר זוהרים,כפר זוהרים
כפר זיתים,כפר זיתים
כפר חב''ד,כפר חב''ד
כפר חיטים,כפר חיטים
כפר חיים,כפר חיים
כפר חנניה,כפר חנניה
כפר חסידים א',כפר חסידים א'
כפר חסידים ב',כפר חסידים
כפר חרוב,כפר חרוב
כפר טרומן,כפר טרומן
כפר יאסיף,כפר יאסיף
כפר יאסיף,אזור תעשייה
כפר ידידיה,כפר ידידיה
כפר יהושע,כפר יהושע
כפר יונה,שרונה עתידי
כפר יונה,גבעת אלונים
כפר יונה,"שיכון חדש, שיכון ב, נוף הדר"
כפר יונה,"שיכון א, בנה ביתך, נווה ניצנים"
כפר יחזקאל,כפר יחזקאל
כפר יעבץ,כפר יעבץ
כפר כמא,כפר כמא
כפר כנא,כפר כנא
כפר כנא,אזור תעשייה
כפר מונש,כפר מונש
כפר מימון,כפר מימון
כפר מיסר,כפר מיסר
כפר מל''ל,כפר מל''ל
כפר מנדא,כפר מנדא
כפר מנחם,כפר מנחם
כפר מסריק,כפר מסריק
כפר מרדכי,כפר מרדכי
כפר נטר,כפר נטר
כפר סאלד,כפר סאלד
כפר סבא,תעשייה מפעל קניאל
כפר סבא,אזור תעשייה מזרחי
כפר סבא,כפר סבא צפון עתידי
כפר סבא,קרית ספיר
כפר סבא,משכנות
כפר סבא,אזור התחנה המרכזית
כפר סבא,אזור רחוב הרצל
כפר סבא,אזור האיצטדיון
כפר סבא,אזור צפוני לקניון ערים
כפר סבא,אזור דרומי לקניון ערים
כפר סבא,אזור רחוב גאולה
כפר סבא,"גאולים, חלוצים"
כפר סבא,תקומה
כפר סבא,"פועלים ד, עובד בן ציון"
כפר סבא,"פועלים ב, למפרט"
כפר סבא,מעוז
כפר סבא,"מוצקין, דובדבן בכפר, כיסופים"
כפר סבא,"שכונת הפארק, אלי כהן"
כפר סבא,אזור תעשייה
כפר סבא,"קפלן, בית ונוף"
כפר סבא,"גני השרון, כפר סבא הצעירה"
כפר סבא,"חצרות הדר, מזרחי"
כפר סבא,"שיכון ותיקים, מרכז רפואי מאיר, סביוני הכפר"
כפר סבא,אליעזר
כפר סבא,שיכון עליה
כפר סבא,"הפרחים, דגניה"
כפר סבא,צומת רעננה
כפר סבא,יוספטל
כפר סבא,"גבעת אשכול, הדרים"
כפר סבא,כפר סבא הירוקה
כפר סבא,הזמר העברי
כפר סילבר,כפר סילבר
כפר סירקין,כפר סירקין
כפר עבודה,כפר עבודה
כפר עזה,כפר עזה
כפר עציון,כפר עציון
כפר פינס,כפר פינס
כפר קאסם,כפר קאסם
כפר קאסם,אזור תעשייה לב הארץ
כפר קיש,כפר קיש
כפר קרע,כפר קרע
כפר ראש הנקרה,כפר ראש הנקרה
כפר רופין,כפר רופין
כפר רות,כפר רות
כפר שמאי,כפר שמאי
כפר שמואל,כפר שמואל
כפר שמריהו,כפר שמריהו
כפר תבור,כפר תבור
כפר תבור,אזור תעשייה
כפר תפוח,כפר תפוח
כרי דשא,כרי דשא
כרכום,כרכום
כרם בן זמרה,כרם בן זמרה
כרם בן שמן,כרם בן שמן
כרם יבנה,כרם יבנה
כרם מהר''ל,כרם מהר''ל
כרם שלום,כרם שלום
כרמי יוסף,כרמי יוסף
כרמי צור,כרמי צור
כרמי קטיף,כרמי קטיף
כרמיאל,גבעת רם
כרמיאל,הגליל
כרמיאל,גבעת מכוש
כרמיאל,רמת רבין
כרמיאל,האירוסים
כרמיאל,"הערבה, הדר"
כרמיאל,אשכול
כרמיאל,הדקל
כרמיאל,"מגדים, טנא"
כרמיאל,המייסדים
כרמיאל,שגיא
כרמיאל,אזור תעשייה כרמיאל מזרחי
כרמיה,כרמיה
כרמים,כרמים
כרמית,כרמית
כרמל,כרמל
לב יתיר מחנה יתיר,לב יתיר מחנה יתיר
לבון,לבון
לביא,לביא
לבנים,לבנים
להב,להב
להבות הבשן,להבות הבשן
להבות חביבה,להבות חביבה
להבים,להבים
לוד,הרובע המערבי עתידי
לוד,דרום מערב הישוב
לוד,בן שמן מערב עתידי
לוד,העיר העתיקה
לוד,אזור תעשייה
לוד,גני אביב
לוד,תמל צפון 1095 עתידי
לוד,גני איילון (אחיסמך)
לוד,"עמידר, רסקו"
לוד,"שיכון ממשלתי, חב''ד"
לוד,"בנה ביתך, נווה אלון, נאות יצחק"
לוד,אזור תעשייה צפון
לוד,גני יער
לוד,נווה ירק ויסמין
לוד,שבזי ורמת אשכול
לוד,"שניר, נווה שלום, ורדה הרכבת"
לוד,שרת ורמט
לוד,"נווה נוף, משמר נוף, גבעת הזיתים"
לוד,פסגת לוד
לוד,"סביוני לוד, לוד הצעירה"
לוד,חיסכון ג
לוזית,לוזית
לוחמי הגיטאות,לוחמי הגיטאות
לוטם,לוטם
לוטן,לוטן
לימן,לימן
לכיש,לכיש
לפיד,לפיד
לפידות,לפידות
לקיה,לקיה
מאור,מאור
מאיר שפיה,מאיר שפיה
מבוא ביתר,מבוא ביתר
מבוא דותן,מבוא דותן
מבוא חורון,מבוא חורון
מבוא חמה,מבוא חמה
מבוא מודיעים,מבוא מודיעים
מבואות ים,מבואות ים
מבואות יריחו,מבואות יריחו
מבועים,מבועים
מבטחים,מבטחים
מבקיעים,מבקיעים
מבשרת ציון,אזור תעשייה
מבשרת ציון,"רכס חלילים, שכונה ז, שכונה ח"
מבשרת ציון,"שכונה ד, שכונה ה, שכונה ו"
מבשרת ציון,"שכונה ג, שכונה ט, מבשרת ירושלים"
מבשרת ציון,"שכונה ב, שכונה א, נוף הרים"
מבשרת ציון,"הר מעוז, מעוז ציון ב, שכונה י''א, מגרסה"
מבשרת ציון,"מוצא הקטנה, מעוז ציון"
מגאר,מגאר
מג'ד אל כרום,מג'ד אל כרום
מגדים,מגדים
מגדל,מגדל
מגדל העמק,שכונה עתידית צפון מערב
מגדל העמק,אזור תעשייה צפון
מגדל העמק,אזור תעשייה דרום
מגדל העמק,"יפה נוף, מגדל אור, מצפה העמק, הורד"
מגדל העמק,"יסמין, נוף העמק, פנינת העמק"
מגדל העמק,"רסקו, רמת בלפור, רמת אשכול"
מגדל העמק,גן ישראל
מגדל העמק,קרית רבין
מגדל העמק,"פנחס ספיר, אהלי מנחם, חימר"
מגדל העמק,יערת העמק
מגדל עוז,מגדל עוז
מג'דל שמס,אזור תעשייה מג'דל שמס
מג'דל שמס,מג'דל שמס
מגדל תפן,מגדל תפן
מגדלים,מגדלים
מגידו,מגידו
מגל,מגל
מגן,מגן
מגן שאול,מגן שאול
מגשימים,מגשימים
מדרך עוז,מדרך עוז
מדרשת בן גוריון,מדרשת בן גוריון
מודיעין מכבים רעות,שכונת מורשת עתידי
מודיעין מכבים רעות,אבני חן - קייזר
מודיעין מכבים רעות,גבעת שר עתידי
מודיעין מכבים רעות,שטח פתוח ואזורי תעשייה
מודיעין מכבים רעות,הנחלים - ספדיה
מודיעין מכבים רעות,נופים
מודיעין מכבים רעות,הציפורים
מודיעין מכבים רעות,מוריה - בוכמן דרום
מודיעין מכבים רעות,השבטים - בוכמן צפון
מודיעין מכבים רעות,מכבים
מודיעין מכבים רעות,רעות
מודיעין מכבים רעות,משואה - גבעת סי
מודיעין מכבים רעות,הפרחים - מירומי
מודיעין מכבים רעות,מע''ר
מודיעין מכבים רעות,הכרמים - ציפור
מודיעין מכבים רעות,הנביאים - השימשוני צפון
מודיעין מכבים רעות,המגינים - שימשוני דרום
מודיעין עילית,אחוזת ברכפלד
מודיעין עילית,גני מודיעין
מודיעין עילית,גרין פארק
מודיעין עילית,נאות הפסגה
מודיעין עילית,קרית ספר
מודיעין עילית,אזור תעשייה
מולדת,מולדת
מועצה אזורית שומרון,מרכז חירום מועצה אזורית שומרון
מוצא עילית,מוצא עילית
מוקייבלה,מוקייבלה
מורן,מורן
מורשת,מורשת
מזור,מזור
מזכרת בתיה,מזכרת בתיה
מזרע,מזרע
מזרעה,מזרעה
מחולה,מחולה
מחנה הילה,מחנה הילה
מחנה טלי,מחנה טלי
מחנה יהודית,מחנה יהודית
מחנה יוכבד,מחנה יוכבד
מחנה יפה,מחנה יפה
מחנה מרים,מחנה מרים
מחנה עדי,מחנה עדי
מחנה תל נוף,מחנה תל נוף
מחנות פליטים מזרחית לירושלים,מחנות פליטים מזרחית לירושלים
מחניים,מחניים
מחסיה,מחסיה
מטולה,מטולה
מטולה,אזור תעשייה
מטע,מטע
מי עמי,מי עמי
מיטב,מיטב
מייסר,מייסר
מיכרות תמנע,מכרות תמנע
מיצר,מיצר
מירב,מירב
מירון,מירון
מישר,מישר
מיתר,מיתר
מכורה,מכורה
מכללת ספיר,מכללת ספיר
מכמורת,מכמורת
מכמנים,מכמנים
מלאה,מלאה
מלילות,מלילות
מלכיה,מלכיה
מלכישוע,מלכישוע
מנוחה,מנוחה
מנוף,מנוף
מנות,מנות
מנחמיה,מנחמיה
מנחמיה,אזור תעשייה
מנרה,מנרה
מנשית זבדה,מנשית זבדה
מסד,מסד
מסדה,מסדה
מסילות,מסילות
מסילת ציון,מסילת ציון
מסלול,מסלול
מסעדה,מסעדה
מסעודין אל עזאזמה,מסעודין אל עזאזמה
מעברות,מעברות
מעגלים,מעגלים
מעגן,מעגן
מעגן מיכאל,מעגן מיכאל
מעוז חיים,מעוז חיים
מעון,מעון
מעונה,מעונה
מעיין ברוך,מעיין ברוך
מעיין צבי,מעיין צבי
מעיליא,מעיליא
מעיליא,אזור תעשיה
מעלה אדומים,שטח פתוח
מעלה אדומים,E1 פיתוח עתידי אזור
מעלה אדומים,אסזור תעשייה מישור אדומים
מעלה אדומים,נופי הסלע
מעלה אדומים,מצפה נבו
מעלה אדומים,כלי שיר
מעלה אדומים,"המצדים, אבני החושן"
מעלה אדומים,הנחלים
מעלה אדומים,מגדים
מעלה אדומים,צמח השדה
מעלה אפרים,מעלה אפרים
מעלה גלבוע,מעלה גלבוע
מעלה גמלא,מעלה גמלא
מעלה החמישה,מעלה החמישה
מעלה לבונה,מעלה לבונה
מעלה מכמש,מעלה מכמש
מעלה עירון,מעלה עירון
מעלה עמוס,מעלה עמוס
מעלה שומרון,מעלה שומרון
מעלות תרשיחא,גבעת צוריאל עתידי
מעלות תרשיחא,סביונים
מעלות תרשיחא,אזור תעשייה
מעלות תרשיחא,גבעת הרקפות
מעלות תרשיחא,תרשיחא
מעלות תרשיחא,"קרן היסוד, הרצל, מעלה חסון, הראשונים, הרב קוק"
מעלות תרשיחא,"נרקיס, בן גוריון, הסיגליות, האילנות, דדו, יפה נוף"
מעלות תרשיחא,גבעת האורנים עתידי
מענית,מענית
מעש,מעש
מפלסים,מפלסים
מפעלי אבשלום,מפעלי אבשלום
מפעלי ברנר,מפעלי ברנר
מפעלי ברקן,אזור תעשייה ברקן
מפעלי גלבוע,מפעלי גלבוע
מפעלי גרנות,מפעלי גרנות
מפעלי העמק,מפעלי העמק
מפעלי חבל יבנה,פארק המאה ושכונה עתידית גדות הנחל באשדוד
מפעלי ים המלח,מפעלי ים המלח
מפעלי כנות,מפעלי כנות
מפעלי מעון,מפעלי מעון
מפעלי נחם הר טוב,מפעלי נחם הר טוב
מפעלי נחם הר טוב,פארק תעשיות הישגים
מפעלי פוספטים ערד,פוספטים ערד ומפעלי רותם
מפעלי צומת מלאכי,אזור תעשייה באר טוביה
מפעלי צין ערבה,מפעלי צין ערבה
מפעלי שאן,מפעלי שאן
מפעלים אזוריים הגליל העליון,מפעלים אזוריים הגליל העליון
מפעלים אזוריים צמח,מפעלים אזוריים צמח
מצדות יהודה,מצדות יהודה
מצובה,מצובה
מצליח,מצליח
מצפה,מצפה
מצפה אבי''ב,מצפה אבי''ב
מצפה אילן,מצפה אילן
מצפה יריחו,מצפה יריחו
מצפה נטופה,מצפה נטופה
מצפה רמון,מצפה רמון
מצפה רמון,אזור תעשייה א'
מצפה שלם,מצפה שלם
מצר,מצר
מרגליות,מרגליות
מרום גולן,מרום גולן
מרחב עם,מרחב עם
מרחביה מושב,מרחביה מושב
מרחביה קיבוץ,מרחביה קיבוץ
מרכז אזורי מישגב,מרכז אזורי מישגב
מרכז אזורי מרום הגליל,מרכז אזורי מרום הגליל
מרכז כ''ח,מרכז כ''ח
מרכז קניות ביל''ו,בילו סנטר
מרכז קניות גן שמואל,מרכז קניות גן שמואל
מרכז קניות חוצות שפיים,מרכז קניות חוצות שפיים
מרכז שפירא,מרכז שפירא
משאבי שדה,משאבי שדה
משגב דב,משגב דב
משגב עם,משגב עם
משהד,משהד
משואה,משואה
משואות יצחק,משואות יצחק
משכיות,משכיות
משמר איילון,משמר איילון
משמר דוד,משמר דוד
משמר הירדן,משמר הירדן
משמר הנגב,משמר הנגב
משמר העמק,משמר העמק
משמר השבעה,משמר השבעה
משמר השרון,משמר השרון
משמרות,משמרות
משמרת,משמרת
משען,משען
מתחם גוש עציון,מתחם גוש עציון
מתחם מסחרי סמוך למבקיעים,מתחם מסחרי סמוך למבקיעים
מתחם צים סנטר שתולים,מתחם צים סנטר שתולים
מתן,מתן
מתת,מתת
מתתיהו,מתתיהו
מתתיהו,אזור תעשיה
נאות גולן,נאות גולן
נאות הכיכר,נאות הכיכר
נאות חובב,רמת חובב
נאות מרדכי,נאות מרדכי
נאות סמדר,נאות סמדר
נאעורה,נאעורה
נבטים,נבטים
נגבה,נגבה
נגוהות,נגוהות
נהורה,נהורה
נהלל,נהלל
נהריה,מתחם בן עמי עתידי
נהריה,מזרח נהריה עתידי
נהריה,גבעת טרומפלדור
נהריה,יצחק שמיר עתידי
נהריה,"גבעת שרת, גבעת כצנלסון, גבעת עשור"
נהריה,אריאל שרון עתידי
נהריה,מרכז העיר
נהריה,שמעון פרס עתידי
נהריה,עין שרה
נהריה,נווה מנחם בגין
נהריה,גבעת אוסישקין
נהריה,קריית יוספטל
נהריה,"נווה יצחק רבין, קרית בן גוריון"
נהריה,"רסקו, נווה אלון, שיכון ותיקים"
נהריה,בית חולים גליל מערבי
נהריה,הבנים
נוב,נוב
נוגה,נוגה
נווה,נווה
נווה אבות,מרכז רפואי שהם
נווה אור,נווה אור
נווה אטי''ב,נווה אטי''ב
נווה אילן,נווה אילן
נווה איתן,נווה איתן
נווה דניאל,נווה דניאל
נווה זוהר,נווה זוהר
נווה זיו,נווה זיו
נווה חריף,נווה חריף
נווה ים,נווה ים
נווה ימין,נווה ימין
נווה ירק,נווה ירק
נווה מבטח,נווה מבטח
נווה מיכאל,נווה מיכאל
נווה שלום,נווה שלום
נווה תמרים עתידי,נווה תמרים עתידי
נועם,נועם
נוף איילון,נוף איילון
נוף הגליל,נוף יזרעאל
נוף הגליל,"שכונה צפונית, הכרמים"
נוף הגליל,אזור תעשייה חרושת ג
נוף הגליל,הר יונה ג
נוף הגליל,רמות גולדה מאיר (הר יונה)
נוף הגליל,אזור תעשייה ציפורית
נוף הגליל,מתחם שפרינצק
נוף הגליל,זאב
נוף הגליל,"פנחס ספיר, בנה ביתך"
נוף הגליל,שכונה דרומית
נוף הגליל,לוי אשכול
נוף הגליל,"שלום, גבעת ברק"
נוף הגליל,בן גוריון
נוף הגליל,קרית הממשלה ע''ש יצחק רבין
נוף הגליל,אזור תעשייה ומלאכה א
נוף הגליל,אזור תעשייה עמל ב
נופים,נופים
נופית,נופית
נופך,נופך
נוקדים,נוקדים
נורדיה,נורדיה
נורית,נורית
נחושה,נחושה
נחל עוז,נחל עוז
נחלה,נחלה
נחליאל,נחליאל
נחלים,נחלים
נחם,נחם
נחף,נחף
נחשולים,נחשולים
נחשון,נחשון
נחשונים,נחשונים
נטועה,נטועה
נטור,נטור
נטע,נטע
נטעים,נטעים
נטף,נטף
ניל''י,ניל''י
נין,נין
ניצן,ניצן
ניצן ב',ניצן ב'
ניצנה כפר נוער,ניצנה כפר נוער
ניצני סיני,ניצני סיני
ניצני עוז,ניצני עוז
ניצנים,ניצנים
ניר אליהו,ניר אליהו
ניר בנים,ניר בנים
ניר גלים,ניר גלים
ניר דוד,ניר דוד
ניר ח''ן,ניר ח''ן
ניר יפה,ניר יפה
ניר יצחק,ניר יצחק
ניר ישראל,ניר ישראל
ניר משה,ניר משה
ניר עוז,ניר עוז
ניר עם,ניר עם
ניר עציון,ניר עציון
ניר עקיבא,ניר עקיבא
ניר צבי,ניר צבי
ניר צבי,אזור תעשייה ניר צבי
נירים,נירים
נירית,נירית
נירן,נירן
נמל תעופה בן גוריון,נמל תעופה בן גוריון
נס הרים,נס הרים
נס עמים,נס עמים
נס ציונה,"הואלי, כפר אהרון, טירת שלום"
נס ציונה,"ארגמן, שמורת מליבו ועמק ההדרים"
נס ציונה,אזור תעשייה
נס ציונה,פארק המדע נס ציונה
נס ציונה,"גני איריס, גבעת התור, גבעת מיכאל"
נס ציונה,"רמת סמל, רמת בן צבי, נווה כרמית"
נס ציונה,"נווה ניר, עמידר, סלע, פסגת סלע, שיכון אזרחי"
נס ציונה,"הפועלים, הפרוגרסיבים, גבעת נוף"
נס ציונה,"לב המושבה, סביוני נצר, הדגל"
נס ציונה,נווה עובד ונווה הדר
נס ציונה,"גני הדר, יד אליעזר, סביוני הפארק, גבעת הצבר"
נעורים,נעורים
נעלה,נעלה
נעמי,נעמי
נען,נען
נצר חזני,נצר חזני
נצר סרני,נצר סרני
נצרת,ח'אלת א דיר
נצרת,אזור תעשייה א
נצרת,ביר אבו אל גוש
נצרת,"ג'בל א דולה, ביר אל אמיר"
נצרת,"אל מוטראן, הרובע המערבי"
נצרת,"שנלר, רובע הפועלים"
נצרת,"אזור תעשייה ב, ביג פאשן נצרת"
נצרת,הרובע המזרחי
נצרת,"נמסאווי, רום אורתודוכס"
נצרת,א רום
נצרת,"העיר העתיקה, הרובע הלטיני"
נצרת,אל בטריס
נצרת,כרם א סחאב
נצרת,ספאפרה
נשר,תל חנן
נשר,א.ת נשר
נשר,קדמת דניה
נשר,גבעת נשר
נשר,"גבעת עמוס, בן דור"
נשר,רמות יצחק
נתיב הגדוד,נתיב הגדוד
נתיב הל''ה,נתיב הל''ה
נתיב העשרה,נתיב העשרה
נתיב השיירה,נתיב השיירה
נתיבות,שערי העיר נווה שרון
נתיבות,קרית מנחם קרית בן אריה
נתיבות,נתיבות מערב
נתיבות,"הורד, קרית מנחם, החורש"
נתיבות,רמות יורם עתידי
נתיבות,מעלות הנחל עתידי
נתיבות,באבא סאלי
נתיבות,נטעים
נתיבות,אזור תעשייה
נתיבות,נווה נוי
נתיבות,"לוי אשכול, קרית משה, אור חיים"
נתיבות,ברית כהונה - בנה ביתך
נתיבות,אזור תעשייה חדש
נתיבות,"מלכי ישראל, שבטי ישראל"
נתניה,עיר ימים
נתניה,נאות שקד
נתניה,דורה - רמת ידין
נתניה,אזור תעשייה ספיר
נתניה,רמת חן ובן ציון
נתניה,רמת אפריים
נתניה,משכנות זבולון המר וקרית רבין
נתניה,נאות גנים - שיכון ותיקים
נתניה,אזור תעשייה קרית אליעזר
נתניה,נווה איתמר
נתניה,עין התכלת
נתניה,קרית צאנז
נתניה,פרדס הגדוד
נתניה,שכונות מזרחיות - עתידי
נתניה,גלי הים
נתניה,"מע""ר חדש עתידי"
נתניה,נוף הטיילת
נתניה,נווה עוז
נתניה,מתחם חבצלת עתידי
נתניה,אגמים
נתניה,מכנס
נתניה,מרכז העיר
נתניה,נאות הרצל
נתניה,שיכון המזרח
נתניה,קרית השרון
נתניה,אזור תעשיה קרית יהלום
נתניה,נאות גולדה
נתניה,קרית נורדאו
נתניה,גבעת האירוסים
נתניה,מכון וינגייט
נתניה,רמת פולג
נתניה,נאות מנחם בגין
סאג'ור,סאג'ור
סאסא,סאסא
סביון,סביון
סגולה,סגולה
סואעד,סואעד
סולם שונם,סולם שונם
סוסיה,סוסיה
סופה,סופה
סח'נין,סח'נין
סח'נין,אזור תעשייה
סלמה,סלמה
סלעית,סלעית
סמר,סמר
סנסנה,סנסנה
סעד,סעד
סעוה,סעוה
סער,סער
ספיר,ספיר
ספסופה,ספסופה
סתריה,סתריה
עבדון,עבדון
עברון,עברון
עגור,עגור
ע'ג'ר,ע'ג'ר
עד הלום,אזור תעשייה עד הלום
עדי,עדי
עדנים,עדנים
עוזה,עוזה
עוזייר,עוזייר
עולש,עולש
עומר,עומר
עומר,פארק תעשיות ומדע
עופר,עופר
עוצם,עוצם
עזוז,עזוז
עזר,עזר
עזריאל,עזריאל
עזריה,עזריה
עזריקם,עזריקם
עטרת,עטרת
עידן,עידן
עיילבון,עיילבון
עיילבון,אזור תעשייה זעירה
עיינות,עיינות
עילוט,עילוט
עילוט,אזור תעשייה בהקמה
עין איילה,עין איילה
עין אל אסד,עין אל אסד
עין בוקק,עין בוקק
עין גב,עין גב
עין גדי,עין גדי
עין דור,עין דור
עין הבשור,עין הבשור
עין הוד,עין הוד
עין החורש,עין החורש
עין המפרץ,עין המפרץ
עין המפרץ,אזור מסחר
עין הנצי''ב,עין הנצי''ב
עין העמק,עין העמק
עין השופט,עין השופט
עין השלושה,עין השלושה
עין ורד,עין ורד
עין זיוון,עין זיוון
עין חוד,עין חוד
עין חצבה,עין חצבה
עין חרוד איחוד,עין חרוד איחוד
עין חרוד מאוחד,עין חרוד מאוחד
עין יהב,עין יהב
עין יעקב,עין יעקב
עין כמונים,עין כמונים
עין כרם בי''ס חקלאי,עין כרם בי''ס חקלאי
עין כרמל,עין כרמל
עין מאהל,עין מאהל
עין נקובא,עין נקובא
עין עירון,עין עירון
עין צורים,עין צורים
עין קנייא,עין קנייא
עין ראפה,עין ראפה
עין שמר,עין שמר
עין שריד,עין שריד
עין תמר,עין תמר
עינת,עינת
עיר אובות,עיר אובות
עיר בין כוכב יאיר לצור יצחק - עתידי,ישוב עתידי בין כוכב יאיר לצור יצחק
עיר הבהדים - עתידי,עיר הבהדים עתידי
עכו,תמל 1042 עכו מזרח
עכו,אזור תעשייה דרום
עכו,העיר העתיקה
עכו,נווה אביב
עכו,נווה אלון
עכו,נאות ים
עכו,צפון הכרם
עכו,מנחם בגין
עכו,קרית וולפסון
עכו,מרכז העיר
עכו,"בן גוריון, אברהם דנינו, מוריה"
עכו,נווה יוני נתניהו
עכו,אזור תעשייה זעירה
עכו,שכונת הקרוונים
עלומים,עלומים
עלי,עלי
עלי זהב,עלי זהב
עלמה,עלמה
עלמון,עלמון
עמוקה,עמוקה
עמיחי,עמיחי
עמינדב,עמינדב
עמיעד,עמיעד
עמיעוז,עמיעוז
עמיקם,עמיקם
עמיר,עמיר
עמנואל,עמנואל
עמנואל,פארק התעשייה עמנואל
עמקה,עמקה
ענב,ענב
עספיא,עספיא
עפולה,רובע יזרעאל סביוני העמק
עפולה,מרכז רפואי העמק
עפולה,עפולה הצעירה
עפולה,"גבעת המורה, רוממה, נווה יוסף"
עפולה,דרוקר ונוף הכפר
עפולה,אזור תעשייה ב
עפולה,עפולה עילית
עפולה,אזור תעשייה ג
עפולה,בנה ביתך ורובע גלבוע עתידי
עפולה,מרכז העיר
עפולה,אזור תעשייה א
עפרה,עפרה
עץ אפרים,עץ אפרים
עצמון שגב,שגב
עראבה,עראבה
עראמשה,עראמשה
ערב אל נעים,א נעים
ערד,"רותם, שקד, מבוא שקד, מעוף"
ערד,"יעלים, אבישור, גבים"
ערד,"יהושפט, חלמיש"
ערד,"רובע האומנים, אזור התעשייה"
ערד,רובע 5 א עתידי
ערד,"לבאות, טללים"
ערד,"הרדוף, חצבים, ראשונים, נעורים, רננים"
ערוגות,ערוגות
ערערה,ערערה
ערערה בנגב,ערערה בנגב
ערערה בנגב,אזור תעשייה
עשרת,עשרת
עתידי בסיס בקו''ם חדש,עתידי בסיס בקו'''ם חדש
עתידי עיר התעש,עתידי עיר התעש
עתלית,עתלית
עתניאל,עתניאל
פארן,פארן
פארק מדע ותעשייה מבוא כרמל,פארק מדע ותעשייה מבוא כרמל
פארק צרעה,פארק צרעה
פארק תעשיות ומסחר שילת,פארק תעשיות ומסחר שילת
פארק תעשיות חבל מודיעין,פארק חמ''ן ע''ש יחיאל דמתי
פארק תעשיות ספירים,פארק תעשיות ספירים
פארק תעשיות עידן הנגב,פארק תעשיות עידן הנגב
פארק תעשיות עמק חפר,פארק תעשיות עמק חפר
פארק תעשיות עציון,פארק תעשיות עציון
פארק תעשיות פלמחים,פארק תעשיות פלמחים
פארק תעשיות קדמת גליל,פארק תעשיות הגליל התחתון
פארק תעשיות ראם,פארק תעשיות ראם
פארק תעשיות רותם,"תעשיון תמ""ד"
פארק תעשיות רמת דלתון,פארק תעשיות רמת דלתון
פדואל,פדואל
פדויים,פדויים
פדיה,פדיה
פוריה כפר עבודה,פוריה כפר עבודה
פוריה נווה עובד,פוריה נווה עובד
פוריה עילית,פוריה עילית
פוריידיס,פוריידיס
פורת,פורת
פטיש,פטיש
פלך,פלך
פלמחים,פלמחים
פני חבר,פני חבר
פסגות,פסגות
פסוטה,פסוטה
פעמי תש''ז,פעמי תש''ז
פצאל,פצאל
פקיעין,פקיעין
פקיעין חדשה,פקיעין חדשה
פרדס חנה כרכור,"מגד, נווה אשר"
פרדס חנה כרכור,"נווה עולים, שיכון חיסכון"
פרדס חנה כרכור,"מרכז פרדס חנה, רסקו, אזור תעשייה צפון"
פרדס חנה כרכור,"יפה נוף, שיכון ממשלתי, נווה הדרים"
פרדס חנה כרכור,"נווה מרחב, שיכון רמז"
פרדס חנה כרכור,"נווה גנים, נווה פרדסים"
פרדס חנה כרכור,"קדמת פרדס חנה, נווה התות, פרחי הדר"
פרדס חנה כרכור,"מרכז כרכור, משכנות, שיכון עממי"
פרדס חנה כרכור,"נווה עובד, צמרת המושבה, נווה מרדכי, ניצני השרון"
פרדסיה,פרדסיה
פרוד,פרוד
פרזון,פרזון
פרי גן,פרי גן
פתח תקווה,שיפר
פתח תקווה,נווה דקלים
פתח תקווה,תקומה
פתח תקווה,קרית חזני
פתח תקווה,כפר גנים א
פתח תקווה,כפר גנים ב
פתח תקווה,כפר גנים ג מזרח
פתח תקווה,התחנה המרכזית
פתח תקווה,השוק
פתח תקווה,עמישב
פתח תקווה,גני הדר
פתח תקווה,מחנה יהודה
פתח תקווה,מרכז העיר דרום
פתח תקווה,אם המושבות החדשה
פתח תקווה,הדר המושבות - אם המושבות הותיקה
פתח תקווה,אזור תעשייה סגולה
פתח תקווה,קרית מטלון
פתח תקווה,אזור תעשייה קרית אריה
פתח תקווה,נווה גן
פתח תקווה,קרול
פתח תקווה,יוספטל
פתח תקווה,קרית אלון
פתח תקווה,קרית דוד אליעזר
פתח תקווה,"שיכון הפועל המזרחי, חן הצפון"
פתח תקווה,כפר אברהם
פתח תקווה,בילינסון
פתח תקווה,קרית הרב סלומון
פתח תקווה,צמרת גנים וקרית אליעזר פרי
פתח תקווה,שערייה
פתח תקווה,הדר גנים
פתח תקווה,שיכון מפ''ם
פתח תקווה,אחדות
פתח תקווה,בת גנים
פתח תקווה,כפר גנים ג
פתח תקווה,נווה עוז
פתח תקווה,נווה עוז החדשה
פתח תקווה,עין גנים
פתח תקווה,מרכז העיר
פתח תקווה,רמת ורבר
פתח תקווה,בר יהודה
פתח תקווה,נווה גנים
פתח תקווה,אזור תעשייה רמת סיב
פתח תקווה,בית עלמין ירקון
פתח תקווה,כפר הבפטיסטים
פתח תקווה,אזור מסחר ירקונים
פתחיה,פתחיה
צאלים,צאלים
צביה,צביה
צבעון,צבעון
צובה,צובה
צוחר,צוחר
צופיה,צופיה
צופין,צופין
צופית,צופית
צופר,צופר
צוקי ים,צוקי ים
צוקים,צוקים
צור הדסה,צור הדסה
צור יצחק,צור יצחק
צור משה,צור משה
צור נתן,צור נתן
צוריאל,צוריאל
צורית,צורית
ציפורי,ציפורי
צלפון,צלפון
צנדלה,צנדלה
צפריה,צפריה
צפרירים,צפרירים
צפת,מצפה ימים
צפת,"רמת רזים, יצחק רבין, רמת מנחם בגין"
צפת,"מרום כנען, איביקור, נווה אורנים"
צפת,"קרית ברסלב, העיר העתיקה, קרית האמנים, הכשרת הישוב"
צפת,מעלה כנען
צפת,"בן גוריון כנען, גבעת שושנה, קרית חב''ד"
צפת,"שיכון עממי, אזור תעשייה ישן דרום"
צפת,"מאור חיים, אזור תעשייה חדש, גני הדר, עופר"
צפת,"נצח שמעון, הדר, בנה ביתך, שיקמה, מרכז רפואי זיו"
צפת,עכברה
צפת,נוף הכינרת
צרופה,צרופה
צרעה,צרעה
קבועה,קבועה
קבוצת יבנה,קבוצת יבנה
קדומים,קדומים
קדומים,אזור תעשייה קדומים
קדומים,אזור תעשייה בראון
קדימה צורן,פארק תעשיות השרון
קדימה צורן,אזור תעשייה
קדימה צורן,צורן
קדימה צורן,רמת אמיר
קדימה צורן,קדימה
קדימה צורן,"גבעת מנחם בגין, השרון הירוק"
קדיתא,קדיתא
קדמה,קדמה
קדמת צבי,קדמת צבי
קדר,קדר
קדרון,קדרון
קדרים,קדרים
קודייראת א צאנה,קודייראת א צאנה
קוממיות,קוממיות
קורנית,קורנית
קטורה,קטורה
קיסריה,קיסריה
קיסריה,פארק תעשיות קיסריה
קלחים,קלחים
קליה,קליה
קלנסווה,קלנסווה
קלע,קלע
קסר א סיר,קסר א סיר
קציר,קציר
קצרין,קצרין
קצרין,אזור תעשייה
קרית אונו,"צומת סביון אונו פארק, מיי אונו"
קרית אונו,עבר הירדן
קרית אונו,רייספלד
קרית אונו,פסגת אונו
קרית אונו,גני אילן
קרית אונו,רימון
קרית אונו,קיראון
קרית אונו,קרית אונו הותיקה
קרית ארבע,קרית ארבע
קרית ארבע,אזור תעשייה
קרית אתא,גבעה א
קרית אתא,בן גוריון
קרית אתא,מתחם דרומי תמל 1024
קרית אתא,שכונת גבעת אלונים
קרית אתא,גבעת המשטרה וגבעת הכלניות בתכנון
קרית אתא,שכונה עתידית צפון מערב
קרית אתא,קרית נחום
קרית אתא,קרית בנימין
קרית אתא,"פרוסטיג, נווה חן, קרית שטנד, נווה אברהם"
קרית אתא,אברמסקי
קרית אתא,בית וגן
קרית אתא,גבעת הרקפות
קרית אתא,"גבעת טל, גבעת רם"
קרית אתא,מרכז העיר
קרית ביאליק,ביאליק דרום
קרית ביאליק,גבעת הרקפות
קרית ביאליק,אזור תעשייה
קרית ביאליק,צור שלום
קרית ביאליק,הפרפר
קרית ביאליק,סביניה
קרית ביאליק,קרית שמריהו
קרית ביאליק,ביאליק הותיקה
קרית ביאליק,שטח ריק
קרית ביאליק,מתחם כפר ביאליק דרום עתידי
קרית גת,הקוממיות
קרית גת,כרמי גת צפון
קרית גת,רובע עירוני מערבי עתידי
קרית גת,כרמי גת
קרית גת,השופטים
קרית גת,אזורי תעשייה
קרית גת,שער הדרום
קרית גת,ההעפלה
קרית גת,צה''ל
קרית גת,מגדים
קרית גת,הפרחים
קרית גת,פ''ז
קרית גת,"החורש, גליקסון"
קרית גת,בני ישראל
קרית גת,מלכי ישראל
קרית גת,הנביאים
קרית גת,"רמות דוד, אתרי המקרא"
קרית גת,הבנים
קרית חינוך מרחבים,קרית חינוך מרחבים
קרית חינוך שדות נגב,קרית חינוך שדות נגב
קרית טבעון,טבעון
קרית טבעון,רמת טבעון וגבעת קושט
קרית טבעון,"אלרואי, מעלה טבעון, קרית החרושת"
קרית טבעון,קרית עמל
קרית ים,סביוני ים
קרית ים,אלמוגים
קרית ים,"בנה ביתך, פסגות ים"
קרית ים,קרית ים א
קרית ים,קרית ים ב
קרית ים,קרית ים ג
קרית ים,קרית ים ד
קרית יערים,קרית יערים
קרית יערים מוסד,קרית יערים מוסד
קרית מוצקין,מוצקין הותיקה
קרית מוצקין,לב מוצקין
קרית מוצקין,"אביבים, בנה ביתך, משכנות אמנים"
קרית מוצקין,"מוצקין הצעירה, נווה גנים, מנחם בגין"
קרית מלאכי,"וייצמן, הרצל, נווה אור"
קרית מלאכי,"בן גוריון, המ''ג, הנרקיסים"
קרית מלאכי,גני שמואל
קרית מלאכי,גבעת הסביונים
קרית מלאכי,חב''ד
קרית מלאכי,אזור תעשייה
קרית מלאכי,כרמי הנדיב
קרית מלאכי,אחוזת רוטנר
קרית מלאכי,"המייסדים, יגאל אלון, יגר"
קרית מלאכי,קיבוץ גלויות
קרית נטפים,קרית נטפים
קרית ענבים,קרית ענבים
קרית עקרון,"נווה אשכול, נווה עובד, שבת אחים"
קרית עקרון,קרית עקרון מזרח עתידי
קרית עקרון,בילו סנטר
קרית עקרון,"נווה יוסף, גני חן"
קרית עקרון,"נאות הדרים, חבצלת הצעירה"
קרית שדה התעופה,קרית שדה התעופה
קרית שלמה,קרית שלמה
קרית שמונה,דרום מערב העיר
קרית שמונה,בנה ביתך
קרית שמונה,אזור תעשייה צפוני
קרית שמונה,שכונת יובלים עתידי
קרית שמונה,אזור תעשייה דרומי
קרית שמונה,זאב ז'בוטינסקי
קרית שמונה,הורדים
קרית שמונה,"מורדות הר נפתלי, אצ''ל, יגאל אלון"
קרית שמונה,נוף חרמון
קרית שמונה,צפון מזרח העיר
קרני שומרון,קרני שומרון
קרני שומרון,אזור תעשיה
קשת,קשת
ראמה,ראמה
ראס אל עין,ראס אל עין
ראס עלי,ראס עלי
ראש העין,גבעת טל
ראש העין,ראש העין החדשה
ראש העין,מרכז עסקים עתידי
ראש העין,גרין פארק
ראש העין,אזור תעשייה
ראש העין,נווה אפק
ראש העין,פארק תעשייה אפק
ראש העין,גבעת הסלעים
ראש העין,מצפה אפק
ראש העין,הרקפות
ראש העין,שבזי
ראש העין,אביב
ראש העין,רמב''ם
ראש העין,צה''ל
ראש פינה,ראש פינה
ראש צורים,ראש צורים
ראשון לציון,שטח פתוח
ראשון לציון,אזור תעשייה מעויין שורק
ראשון לציון,מתחם ה - 1000 עתידי
ראשון לציון,רביבים
ראשון לציון,מרום ראשון
ראשון לציון,רובע תעסוקה צריפין מתחם 6
ראשון לציון,נוריות
ראשון לציון,נרקיסים
ראשון לציון,עתידי תבע 413-0595314
ראשון לציון,מכון וולקני
ראשון לציון,אגני החמצון
ראשון לציון,שכונה במקום מטווח 24 עתידי
ראשון לציון,שיכוני המזרח
ראשון לציון,צמרות
ראשון לציון,גורדון כלניות
ראשון לציון,הרקפות
ראשון לציון,רמב''ם
ראשון לציון,השומר
ראשון לציון,נווה חוף
ראשון לציון,שער הים
ראשון לציון,אזור תעשייה מערב
ראשון לציון,נווה ים
ראשון לציון,נווה דקלים
ראשון לציון,נאות שיקמה
ראשון לציון,קרית כרמים
ראשון לציון,קרית חתני פרס נובל
ראשון לציון,נאות אשלים
ראשון לציון,קרית גנים
ראשון לציון,כצנלסון
ראשון לציון,רמז
ראשון לציון,נווה הלל
ראשון לציון,אברמוביץ'
ראשון לציון,ראשונים
ראשון לציון,נחלת יהודה
ראשון לציון,קידמת ראשון
ראשון לציון,נווה הדרים
ראשון לציון,מישור הנוף וקרית שמחה
ראשון לציון,נווה אליהו
ראשון לציון,"קרית ראשון, קרית הלאום"
ראשון לציון,נעורים
ראשון לציון,מתחם הרובע
ראשון לציון,אזור תעשייה ישן
ראשון לציון,בנות חיל
רבבה,רבבה
רבדים,רבדים
רביבים,רביבים
רביד,רביד
רגבה,רגבה
רגבה,אזור מסחר
רגבים,רגבים
רהט,רהט
רהט,אזור תעשייה
רווחה,רווחה
רוויה,רוויה
רוח מדבר,רוח מדבר
רוחמה,רוחמה
רומאנה,רומאנה
רומת היב,רומת היב
רועי,רועי
רותם,רותם
רחוב,רחוב
רחובות,מגורי סטודנטים פרי פלייס עתידי
רחובות,פארק ת.מ.ר ופארק תעשיות מדע קרית רבין
רחובות,מרכז העיר
רחובות,שעריים מזרח
רחובות,שעריים מערב
רחובות,מכון וייצמן והפקולטה לחקלאות
רחובות,אחוזת הנשיא
רחובות,רחובות המדע ואזור וייצמן
רחובות,אבני חן
רחובות,דניה
רחובות,היובל
רחובות,קרית דוד
רחובות,קרית ההגנה ומקוב
רחובות,גני סביון ואושיות
רחובות,רחובות החדשה ועין גנים
רחובות,מילצ'ן וגבעתי
רחובות,ביל''ו
רחובות,נווה אלון
רחובות,מרמורק ונווה מרמורק
רחובות,אפרים וסלע
רחובות,נווה יהודה
רחובות,חבצלת
רחובות,מרכז רפואי קפלן
רחובות,אזור תעשייה
רחובות,רחובות ההולנדית
רחובות,אבן גבירול ורחובות מערב
רחובות,קרית משה ואזור תעשייה
רחובות,נווה עמית וגינות סביון
רחובות,כפר זרנוקה
רחלים,רחלים
רחלים,נופי נחמיה
ריחאנייה,ריחאנייה
ריחן,ריחן
ריינה,אזור תעשייה
ריינה,ריינה
רימונים,רימונים
רינתיה,רינתיה
רכסים,רכסים
רם און,רם און
רמות,רמות
רמות השבים,רמות השבים
רמות מאיר,רמות מאיר
רמות מנשה,רמות מנשה
רמות נפתלי,רמות נפתלי
רמלה,אזור תעשייה א
רמלה,"גן חק''ל א, גן חק''ל ב, השופטים דרום, אל מחתא"
רמלה,אזור תעשייה נשר
רמלה,קרית האומנים
רמלה,"אגה""ש"
רמלה,העיר העתיקה
רמלה,עמידר וביל''ו
רמלה,נווה מאיר ובן גוריון
רמלה,נאות יצחק רבין
רמלה,"נווה יהונתן, נווה נוף, גני דן"
רמלה,ג'ואריש וכפר הבדווים
רמלה,גבעת הדר ורמת דן ורמלה מערב
רמלה,"מגדל איילון, משכנות"
רמלה,וייצמן
רמלה,אשכול
רמלה,גיורא
רמלה,נווה דוד
רמלה,נווה רם
רמלה,קרית מנחם בגין
רמלה,השופטים צפון
רמלה,שפרינצק נאות פרס
רמת גן,רמת חן
רמת גן,רמת שיקמה
רמת גן,שיכון צנחנים
רמת גן,הפארק הלאומי וכפר המכביה
רמת גן,קרית קריניצי
רמת גן,כפר אז''ר
רמת גן,אזור הבילויים
רמת גן,נווה יהושוע
רמת גן,"תל גנים, קרית בורכוב"
רמת גן,שיכון המזרחי
רמת גן,רמת עמידר
רמת גן,אוניברסיטת בר אילן
רמת גן,הלל
רמת גן,שכונת ותיקים
רמת גן,קניון אילון ואיצטדיון ר''ג
רמת גן,נחלת גנים
רמת גן,שכונת הגפן
רמת גן,תל בנימין
רמת גן,שיכון עלית
רמת גן,הבורסה
רמת גן,שכונת הראשונים
רמת גן,תל יהודה ומערב רמת יצחק
רמת גן,יד לבנים
רמת גן,רמת יצחק מזרח
רמת גן,מרום נווה
רמת גן,מרכז העיר
רמת גן,מתחם עלית
רמת גן,תל השומר דרום מתחם 5
רמת גן,רמת אפעל
רמת גן,שכונת הרופאים - עתידי
רמת גן,תל השומר
רמת גן,מתחם נגבה
רמת גן,שיכון חירות
רמת דוד,רמת דוד
רמת הכובש,רמת הכובש
רמת השופט,רמת השופט
רמת השרון,תמל 1068 צפון מערבי עתידי
רמת השרון,נווה גן
רמת השרון,קרית יערים
רמת השרון,אלון
רמת השרון,הדר
רמת השרון,נווה רום וגולן
רמת השרון,"נווה מגן, נווה רסקו"
רמת השרון,מורשה
רמת השרון,גלילות
רמת השרון,הכפר הירוק
רמת השרון,עיר התעש עתידי
רמת יוחנן,רמת יוחנן
רמת ישי,רמת ישי
רמת ישי,אזור תעשייה
רמת מגשימים,רמת מגשימים
רמת צבי,רמת צבי
רמת רזיאל,רמת רזיאל
רמת רחל,רמת רחל
רנן,רנן
רעים,רעים
רעננה,נווה זמר
רעננה,אנ''מ השרון
רעננה,"קרית גנים, כפר בתיה"
רעננה,מרכז העיר
רעננה,צומת רעננה אמדוקס
רעננה,אזור תעשייה צפוני
רעננה,נאות שדה
רעננה,לב הפארק
רעננה,קרית שרת
רעננה,שיכון אשר
רעננה,קרית שז''ר
רעננה,קרית וייצמן
רעננה,עמידר
רעננה,"קרית אליהו גולומב, קרית דוד רמז"
רעננה,רסקו - בן צבי
רעננה,רעננה צפון
רעננה,הפרחים
רקפת,רקפת
רשפון,רשפון
רשפים,רשפים
רתמים,רתמים
שאר ישוב,שאר ישוב
שבי דרום,שבי דרום
שבי ציון,שבי ציון
שבי שומרון,שבי שומרון
שבלי,שבלי
שגב שלום,שגב שלום
שדה אילן,שדה אילן
שדה אליהו,שדה אליהו
שדה אליעזר,שדה אליעזר
שדה בוקר,שדה בוקר
שדה דוד,שדה דוד
שדה ורבורג,שדה ורבורג
שדה יואב,שדה יואב
שדה יעקב,שדה יעקב
שדה יצחק,שדה יצחק
שדה משה,שדה משה
שדה נחום,שדה נחום
שדה נחמיה,שדה נחמיה
שדה ניצן,שדה ניצן
שדה עוזיהו,שדה עוזיהו
שדה צבי,שדה צבי
שדות ים,שדות ים
שדות מיכה,שדות מיכה
שדי אברהם,שדי אברהם
שדי חמד,שדה חמד
שדי תרומות,שדי תרומות
שדמה,שדמה
שדמות דבורה,שדמות דבורה
שדמות מחולה,שדמות מחולה
שדרות,אזור תעשייה
שדרות,נאות אשכול
שדרות,"נאות הדקל, נאות אביב"
שדרות,"נאות המייסידים, נאות הנשיא"
שדרות,נאות יצחק רבין
שדרות,בן גוריון
שדרות,נאות הנביאים
שדרות,צפון מזרח עתידי
שדרות,שכונה צפונית חדשה
שואבה,שואבה
שובה,שובה
שובל,שובל
שוהם,"טללים, גבעולים, כרמים (עתידי)"
שוהם,"ורדים, יובלים, רקפות, כ""א עתידי"
שוהם,"יעלים, סחלבים, חמניות"
שוהם,"ברושים, אלונים, הדסים"
שוהם,מע''ר שוהם
שומרה,שומרה
שומריה,שומריה
שוקדה,שוקדה
שורש,שורש
שורשים,שורשים
שושנת העמקים,שושנת העמקים
שזור,שזור
שחר,שחר
שחרות,שחרות
שיבולים,שיבולים
שיבולת,שיבולת - עתידי
שיזף,כפר סטודנטים שיזף
שיטים,שיטים
שייח' דנון,שייח' דנון
שילה,אזור תעשייה שילה
שילה,שילה
שילת,שילת
שכניה,שכניה
שלווה,שלווה
שלוחות,שלוחות
שלומי,שלומי
שלומי,אזור תעשייה
שלומית,שלומית
שלומציון,שלומציון
שמיר,שמיר
שמעה,שמעה
שמרת,שמרת
שמשית,שמשית
שני ליבנה,שני ליבנה
שניר,שניר
שעב,שעב
שעל,שעל
שעלבים,שעלבים
שער אפרים,שער אפרים
שער הגולן,שער הגולן
שער העמקים,שער העמקים
שער מנשה,שער מנשה
שערי תקווה,שערי תקווה
שפיים,שפיים
שפיר,שפיר
שפר,שפר
שפרעם,שפרעם
שפרעם,אזור תעשייה
שקד,שקד
שקד,אזור תעשייה
שקף,שקף
שרונה,שרונה
שריגים,שריגים
שריד,שריד
שרשרת,שרשרת
שתולה,שתולה
שתולים,שתולים
תאשור,תאשור
תדהר,תדהר
תובל,תובל
תומר,תומר
תושיה,תושיה
תימורים,תימורים
תירוש,תירוש
תל אביב יפו,כרם התימנים
תל אביב יפו,שפירא
תל אביב יפו,יד אליהו
תל אביב יפו,כפר שלם
תל אביב יפו,נווה אליעזר
תל אביב יפו,תל ברוך
תל אביב יפו,צהלון
תל אביב יפו,תוכנית ל
תל אביב יפו,שדה דב
תל אביב יפו,מתחם אשכול עתידי
תל אביב יפו,רמת הטייסים
תל אביב יפו,מעוז אביב א
תל אביב יפו,מעוז אביב ב
תל אביב יפו,הדר יוסף
תל אביב יפו,אוניברסיטת תל אביב
תל אביב יפו,קריית המוזיאונים
תל אביב יפו,הירקון גן הבנים
תל אביב יפו,קרית שלום
תל אביב יפו,שער דרום עתידי
תל אביב יפו,מונטיפיורי
תל אביב יפו,"גבעת הרצל, אזור המלאכה יפו"
תל אביב יפו,פארק החורשות
תל אביב יפו,האקדמית תל אביב יפו
תל אביב יפו,"מרכז הירידים, פארק הירקון"
תל אביב יפו,רמת אביב החדשה
תל אביב יפו,נופי ים
תל אביב יפו,גני שרונה
תל אביב יפו,עתידים
תל אביב יפו,רמת החייל
תל אביב יפו,נווה שרת
תל אביב יפו,המשתלה
תל אביב יפו,צהלה
תל אביב יפו,"גני צהלה, רמות צהלה"
תל אביב יפו,קרית שאול
תל אביב יפו,רביבים
תל אביב יפו,נווה דן
תל אביב יפו,תל ברוך צפון
תל אביב יפו,נאות אפקה ב
תל אביב יפו,נאות אפקה א
תל אביב יפו,אפקה
תל אביב יפו,רמת אביב ג
תל אביב יפו,נווה אביבים
תל אביב יפו,אזורי חן
תל אביב יפו,רמת אביב
תל אביב יפו,כוכב הצפון
תל אביב יפו,צוקי אביב
תל אביב יפו,נמל תל אביב
תל אביב יפו,בבלי
תל אביב יפו,צמרות איילון
תל אביב יפו,הצפון החדש - החלק הצפוני
תל אביב יפו,הצפון החדש - סביבת ככר המדינה
תל אביב יפו,הצפון החדש - החלק הדרומי
תל אביב יפו,נחלת יצחק
תל אביב יפו,הצפון הישן- החלק הצפוני
תל אביב יפו,הצפון הישן - החלק הדרומי
תל אביב יפו,לב תל אביב
תל אביב יפו,נווה צדק
תל אביב יפו,רמת ישראל
תל אביב יפו,ביצרון
תל אביב יפו,תל חיים
תל אביב יפו,ניר אביב
תל אביב יפו,נווה חן
תל אביב יפו,אורות
תל אביב יפו,נווה ברבור
תל אביב יפו,כפיר
תל אביב יפו,"לבנה, ידידיה, פארק דרום"
תל אביב יפו,"עזרא, הארגזים"
תל אביב יפו,התקווה
תל אביב יפו,"יפו העתיקה, נמל יפו"
תל אביב יפו,"עג'מי, גבעת העליה"
תל אביב יפו,יפו ג
תל אביב יפו,נווה גולן
תל אביב יפו,יפו ד - גבעת התמרים
תל אביב יפו,תל כביר נווה עופר
תל אביב יפו,פלורנטין
תל אביב יפו,נווה שאנן
תל אביב יפו,שיכוני חיסכון
תל אביב יפו,יפו א - דקר
תל אביב יפו,צפון יפו
תל חי,מכללת תל חי
תל יוסף,תל יוסף
תל יצחק,תל יצחק
תל מונד,תל מונד
תל מונד,אזור תעשייה
תל עדשים,תל עדשים
תל קציר,תל קציר
תל שבע,תל שבע
תל תאומים,תל תאומים
תלם,תלם
תלמי אליהו,תלמי אליהו
תלמי אלעזר,תלמי אלעזר
תלמי ביל''ו,תלמי ביל''ו
תלמי יוסף,תלמי יוסף
תלמי יחיאל,תלמי יחיאל
תלמי יפה,תלמי יפה
תלמים,תלמים
תמרת,תמרת
תנובות,תנובות
תעוז,תעוז
תעשיון בינימין,תעשיון בינימין
תעשיון בר לב,תעשיון בר לב
תעשיון השרון,תעשיון השרון
תעשיון חצב,אזור תעשייה חצב
תעשיון צריפין,תעשיון צריפין מחסני הסוכנות היהודית
תעשיון ראם,תעשיון ראם מסמיה
תעשיון שח''ק,תעשיון שח''ק
תעשיות שער הנגב,תעשיות שער הנגב
תפרח,תפרח
תקומה,תקומה
תקוע,תקוע
תראבין א צאנה,תראבין א צאנה
תרדיון,אזור תעשייה תרדיון
תרום,תרום
